Workbook

Sheet Dashboard
B1: KARAN ENTERPRISES
B2: HR Payroll Dashboard • Financial Year 2026–27 (Apr 2026 – Mar 2027)
B4: Select Employee: | C4: Md. Tohid Ansari | L4: YTD | M4: Year to Date | N4: beginning of the current year up to the present date.
B5: Type: | C5: =IFERROR(VLOOKUP($C$4,Lists!$A:$D,2,0),"") | D5: Designation: | E5: =IFERROR(VLOOKUP($C$4,Lists!$A:$D,3,0),"") | F5: Site: | G5: =IFERROR(VLOOKUP($C$4,Lists!$A:$D,4,0),"")
B7: Net Payable (YTD) | D7: Advance Paid (YTD) | F7: Leaves Allotted (YTD) | H7: Total Paid (YTD) | J7: Total Due (YTD)
B8: =SUMIFS('Master Data'!$Q:$Q,'Master Data'!$B:$B,$C$4) -> -6325.8958 | D8: =SUMIFS('Master Data'!$O:$O,'Master Data'!$B:$B,$C$4) -> 26777.516 | F8: =SUMIFS('Master Data'!$J:$J,'Master Data'!$B:$B,$C$4) -> 6 | H8: =SUMIFS('Master Data'!$R:$R,'Master Data'!$B:$B,$C$4) -> 25000 | J8: =SUMIFS('Master Data'!$S:$S,'Master Data'!$B:$B,$C$4) -> -31325.896
B11: Metric / Month | C11: Apr 2026 | D11: May 2026 | E11: Jun 2026 | F11: Jul 2026 | G11: Aug 2026 | H11: Sep 2026 | I11: Oct 2026 | J11: Nov 2026 | K11: Dec 2026 | L11: Jan 2027 | M11: Feb 2027 | N11: Mar 2027 | O11: YTD Total
B12: Working Days | C12: =SUMIFS('Master Data'!$F:$F,'Master Data'!$A:$A,$C$11,'Master Data'!$B:$B,$C$4) -> 30 | D12: =SUMIFS('Master Data'!$F:$F,'Master Data'!$A:$A,$D$11,'Master Data'!$B:$B,$C$4) -> 31 | E12: =SUMIFS('Master Data'!$F:$F,'Master Data'!$A:$A,$E$11,'Master Data'!$B:$B,$C$4) -> 0 | F12: =SUMIFS('Master Data'!$F:$F,'Master Data'!$A:$A,$F$11,'Master Data'!$B:$B,$C$4) -> 0 | G12: =SUMIFS('Master Data'!$F:$F,'Master Data'!$A:$A,$G$11,'Master Data'!$B:$B,$C$4) -> 0 | H12: =SUMIFS('Master Data'!$F:$F,'Master Data'!$A:$A,$H$11,'Master Data'!$B:$B,$C$4) -> 0 | I12: =SUMIFS('Master Data'!$F:$F,'Master Data'!$A:$A,$I$11,'Master Data'!$B:$B,$C$4) -> 0 | J12: =SUMIFS('Master Data'!$F:$F,'Master Data'!$A:$A,$J$11,'Master Data'!$B:$B,$C$4) -> 0 | K12: =SUMIFS('Master Data'!$F:$F,'Master Data'!$A:$A,$K$11,'Master Data'!$B:$B,$C$4) -> 0 | L12: =SUMIFS('Master Data'!$F:$F,'Master Data'!$A:$A,$L$11,'Master Data'!$B:$B,$C$4) -> 0 | M12: =SUMIFS('Master Data'!$F:$F,'Master Data'!$A:$A,$M$11,'Master Data'!$B:$B,$C$4) -> 0 | N12: =SUMIFS('Master Data'!$F:$F,'Master Data'!$A:$A,$N$11,'Master Data'!$B:$B,$C$4) -> 0
B13: Present Days | C13: =SUMIFS('Master Data'!$G:$G,'Master Data'!$A:$A,$C$11,'Master Data'!$B:$B,$C$4) -> 22 | D13: =SUMIFS('Master Data'!$G:$G,'Master Data'!$A:$A,$D$11,'Master Data'!$B:$B,$C$4) -> 24 | E13: =SUMIFS('Master Data'!$G:$G,'Master Data'!$A:$A,$E$11,'Master Data'!$B:$B,$C$4) -> 0 | F13: =SUMIFS('Master Data'!$G:$G,'Master Data'!$A:$A,$F$11,'Master Data'!$B:$B,$C$4) -> 0 | G13: =SUMIFS('Master Data'!$G:$G,'Master Data'!$A:$A,$G$11,'Master Data'!$B:$B,$C$4) -> 0 | H13: =SUMIFS('Master Data'!$G:$G,'Master Data'!$A:$A,$H$11,'Master Data'!$B:$B,$C$4) -> 0 | I13: =SUMIFS('Master Data'!$G:$G,'Master Data'!$A:$A,$I$11,'Master Data'!$B:$B,$C$4) -> 0 | J13: =SUMIFS('Master Data'!$G:$G,'Master Data'!$A:$A,$J$11,'Master Data'!$B:$B,$C$4) -> 0 | K13: =SUMIFS('Master Data'!$G:$G,'Master Data'!$A:$A,$K$11,'Master Data'!$B:$B,$C$4) -> 0 | L13: =SUMIFS('Master Data'!$G:$G,'Master Data'!$A:$A,$L$11,'Master Data'!$B:$B,$C$4) -> 0 | M13: =SUMIFS('Master Data'!$G:$G,'Master Data'!$A:$A,$M$11,'Master Data'!$B:$B,$C$4) -> 0 | N13: =SUMIFS('Master Data'!$G:$G,'Master Data'!$A:$A,$N$11,'Master Data'!$B:$B,$C$4) -> 0
B14: Absent Days | C14: =SUMIFS('Master Data'!$H:$H,'Master Data'!$A:$A,$C$11,'Master Data'!$B:$B,$C$4) -> 8 | D14: =SUMIFS('Master Data'!$H:$H,'Master Data'!$A:$A,$D$11,'Master Data'!$B:$B,$C$4) -> 7 | E14: =SUMIFS('Master Data'!$H:$H,'Master Data'!$A:$A,$E$11,'Master Data'!$B:$B,$C$4) -> 0 | F14: =SUMIFS('Master Data'!$H:$H,'Master Data'!$A:$A,$F$11,'Master Data'!$B:$B,$C$4) -> 0 | G14: =SUMIFS('Master Data'!$H:$H,'Master Data'!$A:$A,$G$11,'Master Data'!$B:$B,$C$4) -> 0 | H14: =SUMIFS('Master Data'!$H:$H,'Master Data'!$A:$A,$H$11,'Master Data'!$B:$B,$C$4) -> 0 | I14: =SUMIFS('Master Data'!$H:$H,'Master Data'!$A:$A,$I$11,'Master Data'!$B:$B,$C$4) -> 0 | J14: =SUMIFS('Master Data'!$H:$H,'Master Data'!$A:$A,$J$11,'Master Data'!$B:$B,$C$4) -> 0 | K14: =SUMIFS('Master Data'!$H:$H,'Master Data'!$A:$A,$K$11,'Master Data'!$B:$B,$C$4) -> 0 | L14: =SUMIFS('Master Data'!$H:$H,'Master Data'!$A:$A,$L$11,'Master Data'!$B:$B,$C$4) -> 0 | M14: =SUMIFS('Master Data'!$H:$H,'Master Data'!$A:$A,$M$11,'Master Data'!$B:$B,$C$4) -> 0 | N14: =SUMIFS('Master Data'!$H:$H,'Master Data'!$A:$A,$N$11,'Master Data'!$B:$B,$C$4) -> 0
B15: Leaves Allotted | C15: =SUMIFS('Master Data'!$J:$J,'Master Data'!$A:$A,$C$11,'Master Data'!$B:$B,$C$4) -> 3 | D15: =SUMIFS('Master Data'!$J:$J,'Master Data'!$A:$A,$D$11,'Master Data'!$B:$B,$C$4) -> 3 | E15: =SUMIFS('Master Data'!$J:$J,'Master Data'!$A:$A,$E$11,'Master Data'!$B:$B,$C$4) -> 0 | F15: =SUMIFS('Master Data'!$J:$J,'Master Data'!$A:$A,$F$11,'Master Data'!$B:$B,$C$4) -> 0 | G15: =SUMIFS('Master Data'!$J:$J,'Master Data'!$A:$A,$G$11,'Master Data'!$B:$B,$C$4) -> 0 | H15: =SUMIFS('Master Data'!$J:$J,'Master Data'!$A:$A,$H$11,'Master Data'!$B:$B,$C$4) -> 0 | I15: =SUMIFS('Master Data'!$J:$J,'Master Data'!$A:$A,$I$11,'Master Data'!$B:$B,$C$4) -> 0 | J15: =SUMIFS('Master Data'!$J:$J,'Master Data'!$A:$A,$J$11,'Master Data'!$B:$B,$C$4) -> 0 | K15: =SUMIFS('Master Data'!$J:$J,'Master Data'!$A:$A,$K$11,'Master Data'!$B:$B,$C$4) -> 0 | L15: =SUMIFS('Master Data'!$J:$J,'Master Data'!$A:$A,$L$11,'Master Data'!$B:$B,$C$4) -> 0 | M15: =SUMIFS('Master Data'!$J:$J,'Master Data'!$A:$A,$M$11,'Master Data'!$B:$B,$C$4) -> 0 | N15: =SUMIFS('Master Data'!$J:$J,'Master Data'!$A:$A,$N$11,'Master Data'!$B:$B,$C$4) -> 0 | O15: =SUM(C15:N15) -> 6
B16: Leaves Availed | C16: =SUMIFS('Master Data'!$K:$K,'Master Data'!$A:$A,$C$11,'Master Data'!$B:$B,$C$4) -> 3 | D16: =SUMIFS('Master Data'!$K:$K,'Master Data'!$A:$A,$D$11,'Master Data'!$B:$B,$C$4) -> 3 | E16: =SUMIFS('Master Data'!$K:$K,'Master Data'!$A:$A,$E$11,'Master Data'!$B:$B,$C$4) -> 0 | F16: =SUMIFS('Master Data'!$K:$K,'Master Data'!$A:$A,$F$11,'Master Data'!$B:$B,$C$4) -> 0 | G16: =SUMIFS('Master Data'!$K:$K,'Master Data'!$A:$A,$G$11,'Master Data'!$B:$B,$C$4) -> 0 | H16: =SUMIFS('Master Data'!$K:$K,'Master Data'!$A:$A,$H$11,'Master Data'!$B:$B,$C$4) -> 0 | I16: =SUMIFS('Master Data'!$K:$K,'Master Data'!$A:$A,$I$11,'Master Data'!$B:$B,$C$4) -> 0 | J16: =SUMIFS('Master Data'!$K:$K,'Master Data'!$A:$A,$J$11,'Master Data'!$B:$B,$C$4) -> 0 | K16: =SUMIFS('Master Data'!$K:$K,'Master Data'!$A:$A,$K$11,'Master Data'!$B:$B,$C$4) -> 0 | L16: =SUMIFS('Master Data'!$K:$K,'Master Data'!$A:$A,$L$11,'Master Data'!$B:$B,$C$4) -> 0 | M16: =SUMIFS('Master Data'!$K:$K,'Master Data'!$A:$A,$M$11,'Master Data'!$B:$B,$C$4) -> 0 | N16: =SUMIFS('Master Data'!$K:$K,'Master Data'!$A:$A,$N$11,'Master Data'!$B:$B,$C$4) -> 0 | O16: =SUM(C16:N16) -> 6
B17: Leave Balance (Closing) | C17: =SUMIFS('Master Data'!$L:$L,'Master Data'!$A:$A,$C$11,'Master Data'!$B:$B,$C$4) -> 0 | D17: =SUMIFS('Master Data'!$L:$L,'Master Data'!$A:$A,$D$11,'Master Data'!$B:$B,$C$4) -> 0 | E17: =SUMIFS('Master Data'!$L:$L,'Master Data'!$A:$A,$E$11,'Master Data'!$B:$B,$C$4) -> 0 | F17: =SUMIFS('Master Data'!$L:$L,'Master Data'!$A:$A,$F$11,'Master Data'!$B:$B,$C$4) -> 0 | G17: =SUMIFS('Master Data'!$L:$L,'Master Data'!$A:$A,$G$11,'Master Data'!$B:$B,$C$4) -> 0 | H17: =SUMIFS('Master Data'!$L:$L,'Master Data'!$A:$A,$H$11,'Master Data'!$B:$B,$C$4) -> 0 | I17: =SUMIFS('Master Data'!$L:$L,'Master Data'!$A:$A,$I$11,'Master Data'!$B:$B,$C$4) -> 0 | J17: =SUMIFS('Master Data'!$L:$L,'Master Data'!$A:$A,$J$11,'Master Data'!$B:$B,$C$4) -> 0 | K17: =SUMIFS('Master Data'!$L:$L,'Master Data'!$A:$A,$K$11,'Master Data'!$B:$B,$C$4) -> 0 | L17: =SUMIFS('Master Data'!$L:$L,'Master Data'!$A:$A,$L$11,'Master Data'!$B:$B,$C$4) -> 0 | M17: =SUMIFS('Master Data'!$L:$L,'Master Data'!$A:$A,$M$11,'Master Data'!$B:$B,$C$4) -> 0 | N17: =SUMIFS('Master Data'!$L:$L,'Master Data'!$A:$A,$N$11,'Master Data'!$B:$B,$C$4) -> 0 | O17: =IFERROR(LOOKUP(2,1/(($A$1:$A$1="")+('Master Data'!$B:$B=$C$4)*('Master Data'!$L:$L<>"")),'Master Data'!$L:$L),"") -> 0
B18: Salary (Gross) | C18: =SUMIFS('Master Data'!$M:$M,'Master Data'!$A:$A,$C$11,'Master Data'!$B:$B,$C$4) -> 12000 | D18: =SUMIFS('Master Data'!$M:$M,'Master Data'!$A:$A,$D$11,'Master Data'!$B:$B,$C$4) -> 12000 | E18: =SUMIFS('Master Data'!$M:$M,'Master Data'!$A:$A,$E$11,'Master Data'!$B:$B,$C$4) -> 0 | F18: =SUMIFS('Master Data'!$M:$M,'Master Data'!$A:$A,$F$11,'Master Data'!$B:$B,$C$4) -> 0 | G18: =SUMIFS('Master Data'!$M:$M,'Master Data'!$A:$A,$G$11,'Master Data'!$B:$B,$C$4) -> 0 | H18: =SUMIFS('Master Data'!$M:$M,'Master Data'!$A:$A,$H$11,'Master Data'!$B:$B,$C$4) -> 0 | I18: =SUMIFS('Master Data'!$M:$M,'Master Data'!$A:$A,$I$11,'Master Data'!$B:$B,$C$4) -> 0 | J18: =SUMIFS('Master Data'!$M:$M,'Master Data'!$A:$A,$J$11,'Master Data'!$B:$B,$C$4) -> 0 | K18: =SUMIFS('Master Data'!$M:$M,'Master Data'!$A:$A,$K$11,'Master Data'!$B:$B,$C$4) -> 0 | L18: =SUMIFS('Master Data'!$M:$M,'Master Data'!$A:$A,$L$11,'Master Data'!$B:$B,$C$4) -> 0 | M18: =SUMIFS('Master Data'!$M:$M,'Master Data'!$A:$A,$M$11,'Master Data'!$B:$B,$C$4) -> 0 | N18: =SUMIFS('Master Data'!$M:$M,'Master Data'!$A:$A,$N$11,'Master Data'!$B:$B,$C$4) -> 0 | O18: =SUM(C18:N18) -> 24000
B19: Salary Earned | C19: =SUMIFS('Master Data'!$N:$N,'Master Data'!$A:$A,$C$11,'Master Data'!$B:$B,$C$4) -> 10000 | D19: =SUMIFS('Master Data'!$N:$N,'Master Data'!$A:$A,$D$11,'Master Data'!$B:$B,$C$4) -> 10451.61 | E19: =SUMIFS('Master Data'!$N:$N,'Master Data'!$A:$A,$E$11,'Master Data'!$B:$B,$C$4) -> 0 | F19: =SUMIFS('Master Data'!$N:$N,'Master Data'!$A:$A,$F$11,'Master Data'!$B:$B,$C$4) -> 0 | G19: =SUMIFS('Master Data'!$N:$N,'Master Data'!$A:$A,$G$11,'Master Data'!$B:$B,$C$4) -> 0 | H19: =SUMIFS('Master Data'!$N:$N,'Master Data'!$A:$A,$H$11,'Master Data'!$B:$B,$C$4) -> 0 | I19: =SUMIFS('Master Data'!$N:$N,'Master Data'!$A:$A,$I$11,'Master Data'!$B:$B,$C$4) -> 0 | J19: =SUMIFS('Master Data'!$N:$N,'Master Data'!$A:$A,$J$11,'Master Data'!$B:$B,$C$4) -> 0 | K19: =SUMIFS('Master Data'!$N:$N,'Master Data'!$A:$A,$K$11,'Master Data'!$B:$B,$C$4) -> 0 | L19: =SUMIFS('Master Data'!$N:$N,'Master Data'!$A:$A,$L$11,'Master Data'!$B:$B,$C$4) -> 0 | M19: =SUMIFS('Master Data'!$N:$N,'Master Data'!$A:$A,$M$11,'Master Data'!$B:$B,$C$4) -> 0 | N19: =SUMIFS('Master Data'!$N:$N,'Master Data'!$A:$A,$N$11,'Master Data'!$B:$B,$C$4) -> 0 | O19: =SUM(C19:N19) -> 20451.61
B20: Advance Deducted | C20: =SUMIFS('Master Data'!$O:$O,'Master Data'!$A:$A,$C$11,'Master Data'!$B:$B,$C$4) -> 5888.7558 | D20: =SUMIFS('Master Data'!$O:$O,'Master Data'!$A:$A,$D$11,'Master Data'!$B:$B,$C$4) -> 20888.76 | E20: =SUMIFS('Master Data'!$O:$O,'Master Data'!$A:$A,$E$11,'Master Data'!$B:$B,$C$4) -> 0 | F20: =SUMIFS('Master Data'!$O:$O,'Master Data'!$A:$A,$F$11,'Master Data'!$B:$B,$C$4) -> 0 | G20: =SUMIFS('Master Data'!$O:$O,'Master Data'!$A:$A,$G$11,'Master Data'!$B:$B,$C$4) -> 0 | H20: =SUMIFS('Master Data'!$O:$O,'Master Data'!$A:$A,$H$11,'Master Data'!$B:$B,$C$4) -> 0 | I20: =SUMIFS('Master Data'!$O:$O,'Master Data'!$A:$A,$I$11,'Master Data'!$B:$B,$C$4) -> 0 | J20: =SUMIFS('Master Data'!$O:$O,'Master Data'!$A:$A,$J$11,'Master Data'!$B:$B,$C$4) -> 0 | K20: =SUMIFS('Master Data'!$O:$O,'Master Data'!$A:$A,$K$11,'Master Data'!$B:$B,$C$4) -> 0 | L20: =SUMIFS('Master Data'!$O:$O,'Master Data'!$A:$A,$L$11,'Master Data'!$B:$B,$C$4) -> 0 | M20: =SUMIFS('Master Data'!$O:$O,'Master Data'!$A:$A,$M$11,'Master Data'!$B:$B,$C$4) -> 0 | N20: =SUMIFS('Master Data'!$O:$O,'Master Data'!$A:$A,$N$11,'Master Data'!$B:$B,$C$4) -> 0 | O20: =SUM(C20:N20) -> 26777.516
B21: Bonus / Inclusion | C21: =SUMIFS('Master Data'!$P:$P,'Master Data'!$A:$A,$C$11,'Master Data'!$B:$B,$C$4) -> 0 | D21: =SUMIFS('Master Data'!$P:$P,'Master Data'!$A:$A,$D$11,'Master Data'!$B:$B,$C$4) -> 0 | E21: =SUMIFS('Master Data'!$P:$P,'Master Data'!$A:$A,$E$11,'Master Data'!$B:$B,$C$4) -> 0 | F21: =SUMIFS('Master Data'!$P:$P,'Master Data'!$A:$A,$F$11,'Master Data'!$B:$B,$C$4) -> 0 | G21: =SUMIFS('Master Data'!$P:$P,'Master Data'!$A:$A,$G$11,'Master Data'!$B:$B,$C$4) -> 0 | H21: =SUMIFS('Master Data'!$P:$P,'Master Data'!$A:$A,$H$11,'Master Data'!$B:$B,$C$4) -> 0 | I21: =SUMIFS('Master Data'!$P:$P,'Master Data'!$A:$A,$I$11,'Master Data'!$B:$B,$C$4) -> 0 | J21: =SUMIFS('Master Data'!$P:$P,'Master Data'!$A:$A,$J$11,'Master Data'!$B:$B,$C$4) -> 0 | K21: =SUMIFS('Master Data'!$P:$P,'Master Data'!$A:$A,$K$11,'Master Data'!$B:$B,$C$4) -> 0 | L21: =SUMIFS('Master Data'!$P:$P,'Master Data'!$A:$A,$L$11,'Master Data'!$B:$B,$C$4) -> 0 | M21: =SUMIFS('Master Data'!$P:$P,'Master Data'!$A:$A,$M$11,'Master Data'!$B:$B,$C$4) -> 0 | N21: =SUMIFS('Master Data'!$P:$P,'Master Data'!$A:$A,$N$11,'Master Data'!$B:$B,$C$4) -> 0 | O21: =SUM(C21:N21) -> 0
B22: Net Payable | C22: =SUMIFS('Master Data'!$Q:$Q,'Master Data'!$A:$A,$C$11,'Master Data'!$B:$B,$C$4) -> 4111.2442 | D22: =SUMIFS('Master Data'!$Q:$Q,'Master Data'!$A:$A,$D$11,'Master Data'!$B:$B,$C$4) -> -10437.14 | E22: =SUMIFS('Master Data'!$Q:$Q,'Master Data'!$A:$A,$E$11,'Master Data'!$B:$B,$C$4) -> 0 | F22: =SUMIFS('Master Data'!$Q:$Q,'Master Data'!$A:$A,$F$11,'Master Data'!$B:$B,$C$4) -> 0 | G22: =SUMIFS('Master Data'!$Q:$Q,'Master Data'!$A:$A,$G$11,'Master Data'!$B:$B,$C$4) -> 0 | H22: =SUMIFS('Master Data'!$Q:$Q,'Master Data'!$A:$A,$H$11,'Master Data'!$B:$B,$C$4) -> 0 | I22: =SUMIFS('Master Data'!$Q:$Q,'Master Data'!$A:$A,$I$11,'Master Data'!$B:$B,$C$4) -> 0 | J22: =SUMIFS('Master Data'!$Q:$Q,'Master Data'!$A:$A,$J$11,'Master Data'!$B:$B,$C$4) -> 0 | K22: =SUMIFS('Master Data'!$Q:$Q,'Master Data'!$A:$A,$K$11,'Master Data'!$B:$B,$C$4) -> 0 | L22: =SUMIFS('Master Data'!$Q:$Q,'Master Data'!$A:$A,$L$11,'Master Data'!$B:$B,$C$4) -> 0 | M22: =SUMIFS('Master Data'!$Q:$Q,'Master Data'!$A:$A,$M$11,'Master Data'!$B:$B,$C$4) -> 0 | N22: =SUMIFS('Master Data'!$Q:$Q,'Master Data'!$A:$A,$N$11,'Master Data'!$B:$B,$C$4) -> 0 | O22: =SUM(C22:N22) -> -6325.8958
B23: Paid | C23: =SUMIFS('Master Data'!$R:$R,'Master Data'!$A:$A,$C$11,'Master Data'!$B:$B,$C$4) -> 25000 | D23: =SUMIFS('Master Data'!$R:$R,'Master Data'!$A:$A,$D$11,'Master Data'!$B:$B,$C$4) -> 0 | E23: =SUMIFS('Master Data'!$R:$R,'Master Data'!$A:$A,$E$11,'Master Data'!$B:$B,$C$4) -> 0 | F23: =SUMIFS('Master Data'!$R:$R,'Master Data'!$A:$A,$F$11,'Master Data'!$B:$B,$C$4) -> 0 | G23: =SUMIFS('Master Data'!$R:$R,'Master Data'!$A:$A,$G$11,'Master Data'!$B:$B,$C$4) -> 0 | H23: =SUMIFS('Master Data'!$R:$R,'Master Data'!$A:$A,$H$11,'Master Data'!$B:$B,$C$4) -> 0 | I23: =SUMIFS('Master Data'!$R:$R,'Master Data'!$A:$A,$I$11,'Master Data'!$B:$B,$C$4) -> 0 | J23: =SUMIFS('Master Data'!$R:$R,'Master Data'!$A:$A,$J$11,'Master Data'!$B:$B,$C$4) -> 0 | K23: =SUMIFS('Master Data'!$R:$R,'Master Data'!$A:$A,$K$11,'Master Data'!$B:$B,$C$4) -> 0 | L23: =SUMIFS('Master Data'!$R:$R,'Master Data'!$A:$A,$L$11,'Master Data'!$B:$B,$C$4) -> 0 | M23: =SUMIFS('Master Data'!$R:$R,'Master Data'!$A:$A,$M$11,'Master Data'!$B:$B,$C$4) -> 0 | N23: =SUMIFS('Master Data'!$R:$R,'Master Data'!$A:$A,$N$11,'Master Data'!$B:$B,$C$4) -> 0 | O23: =SUM(C23:N23) -> 25000
B24: Due to be paid | C24: =SUMIFS('Master Data'!$S:$S,'Master Data'!$A:$A,$C$11,'Master Data'!$B:$B,$C$4) -> -20888.756 | D24: =SUMIFS('Master Data'!$S:$S,'Master Data'!$A:$A,$D$11,'Master Data'!$B:$B,$C$4) -> -10437.14 | E24: =SUMIFS('Master Data'!$S:$S,'Master Data'!$A:$A,$E$11,'Master Data'!$B:$B,$C$4) -> 0 | F24: =SUMIFS('Master Data'!$S:$S,'Master Data'!$A:$A,$F$11,'Master Data'!$B:$B,$C$4) -> 0 | G24: =SUMIFS('Master Data'!$S:$S,'Master Data'!$A:$A,$G$11,'Master Data'!$B:$B,$C$4) -> 0 | H24: =SUMIFS('Master Data'!$S:$S,'Master Data'!$A:$A,$H$11,'Master Data'!$B:$B,$C$4) -> 0 | I24: =SUMIFS('Master Data'!$S:$S,'Master Data'!$A:$A,$I$11,'Master Data'!$B:$B,$C$4) -> 0 | J24: =SUMIFS('Master Data'!$S:$S,'Master Data'!$A:$A,$J$11,'Master Data'!$B:$B,$C$4) -> 0 | K24: =SUMIFS('Master Data'!$S:$S,'Master Data'!$A:$A,$K$11,'Master Data'!$B:$B,$C$4) -> 0 | L24: =SUMIFS('Master Data'!$S:$S,'Master Data'!$A:$A,$L$11,'Master Data'!$B:$B,$C$4) -> 0 | M24: =SUMIFS('Master Data'!$S:$S,'Master Data'!$A:$A,$M$11,'Master Data'!$B:$B,$C$4) -> 0 | N24: =SUMIFS('Master Data'!$S:$S,'Master Data'!$A:$A,$N$11,'Master Data'!$B:$B,$C$4) -> 0 | O24: =SUM(C24:N24) -> -31325.896

Sheet Company Summary
B1: KARAN ENTERPRISES
B2: All employees | Financial Year 2026–27
B4: Metric / Month | C4: Apr 2026 | D4: May 2026 | E4: Jun 2026 | F4: Jul 2026 | G4: Aug 2026 | H4: Sep 2026 | I4: Oct 2026 | J4: Nov 2026 | K4: Dec 2026 | L4: Jan 2027 | M4: Feb 2027 | N4: Mar 2027 | O4: YTD Total
B5: Headcount (with data) | C5: =COUNTIFS('Master Data'!$A:$A,$C$4) -> 184 | D5: =COUNTIFS('Master Data'!$A:$A,$D$4) -> 186 | E5: =COUNTIFS('Master Data'!$A:$A,$E$4) -> 0 | F5: =COUNTIFS('Master Data'!$A:$A,$F$4) -> 0 | G5: =COUNTIFS('Master Data'!$A:$A,$G$4) -> 0 | H5: =COUNTIFS('Master Data'!$A:$A,$H$4) -> 0 | I5: =COUNTIFS('Master Data'!$A:$A,$I$4) -> 0 | J5: =COUNTIFS('Master Data'!$A:$A,$J$4) -> 0 | K5: =COUNTIFS('Master Data'!$A:$A,$K$4) -> 0 | L5: =COUNTIFS('Master Data'!$A:$A,$L$4) -> 0 | M5: =COUNTIFS('Master Data'!$A:$A,$M$4) -> 0 | N5: =COUNTIFS('Master Data'!$A:$A,$N$4) -> 0 | O5: =MAX(C5:N5) -> 186
B6: Total Present Days | C6: =SUMIFS('Master Data'!$G:$G,'Master Data'!$A:$A,$C$4) -> 2597 | D6: =SUMIFS('Master Data'!$G:$G,'Master Data'!$A:$A,$D$4) -> 2607.5 | E6: =SUMIFS('Master Data'!$G:$G,'Master Data'!$A:$A,$E$4) -> 0 | F6: =SUMIFS('Master Data'!$G:$G,'Master Data'!$A:$A,$F$4) -> 0 | G6: =SUMIFS('Master Data'!$G:$G,'Master Data'!$A:$A,$G$4) -> 0 | H6: =SUMIFS('Master Data'!$G:$G,'Master Data'!$A:$A,$H$4) -> 0 | I6: =SUMIFS('Master Data'!$G:$G,'Master Data'!$A:$A,$I$4) -> 0 | J6: =SUMIFS('Master Data'!$G:$G,'Master Data'!$A:$A,$J$4) -> 0 | K6: =SUMIFS('Master Data'!$G:$G,'Master Data'!$A:$A,$K$4) -> 0 | L6: =SUMIFS('Master Data'!$G:$G,'Master Data'!$A:$A,$L$4) -> 0 | M6: =SUMIFS('Master Data'!$G:$G,'Master Data'!$A:$A,$M$4) -> 0 | N6: =SUMIFS('Master Data'!$G:$G,'Master Data'!$A:$A,$N$4) -> 0 | O6: =SUM(C6:N6) -> 5204.5
B7: Total Absent Days | C7: =SUMIFS('Master Data'!$H:$H,'Master Data'!$A:$A,$C$4) -> 2923 | D7: =SUMIFS('Master Data'!$H:$H,'Master Data'!$A:$A,$D$4) -> 3158.5 | E7: =SUMIFS('Master Data'!$H:$H,'Master Data'!$A:$A,$E$4) -> 0 | F7: =SUMIFS('Master Data'!$H:$H,'Master Data'!$A:$A,$F$4) -> 0 | G7: =SUMIFS('Master Data'!$H:$H,'Master Data'!$A:$A,$G$4) -> 0 | H7: =SUMIFS('Master Data'!$H:$H,'Master Data'!$A:$A,$H$4) -> 0 | I7: =SUMIFS('Master Data'!$H:$H,'Master Data'!$A:$A,$I$4) -> 0 | J7: =SUMIFS('Master Data'!$H:$H,'Master Data'!$A:$A,$J$4) -> 0 | K7: =SUMIFS('Master Data'!$H:$H,'Master Data'!$A:$A,$K$4) -> 0 | L7: =SUMIFS('Master Data'!$H:$H,'Master Data'!$A:$A,$L$4) -> 0 | M7: =SUMIFS('Master Data'!$H:$H,'Master Data'!$A:$A,$M$4) -> 0 | N7: =SUMIFS('Master Data'!$H:$H,'Master Data'!$A:$A,$N$4) -> 0 | O7: =SUM(C7:N7) -> 6081.5
B8: Total Leaves Allotted | C8: =SUMIFS('Master Data'!$J:$J,'Master Data'!$A:$A,$C$4) -> 367 | D8: =SUMIFS('Master Data'!$J:$J,'Master Data'!$A:$A,$D$4) -> 590 | E8: =SUMIFS('Master Data'!$J:$J,'Master Data'!$A:$A,$E$4) -> 0 | F8: =SUMIFS('Master Data'!$J:$J,'Master Data'!$A:$A,$F$4) -> 0 | G8: =SUMIFS('Master Data'!$J:$J,'Master Data'!$A:$A,$G$4) -> 0 | H8: =SUMIFS('Master Data'!$J:$J,'Master Data'!$A:$A,$H$4) -> 0 | I8: =SUMIFS('Master Data'!$J:$J,'Master Data'!$A:$A,$I$4) -> 0 | J8: =SUMIFS('Master Data'!$J:$J,'Master Data'!$A:$A,$J$4) -> 0 | K8: =SUMIFS('Master Data'!$J:$J,'Master Data'!$A:$A,$K$4) -> 0 | L8: =SUMIFS('Master Data'!$J:$J,'Master Data'!$A:$A,$L$4) -> 0 | M8: =SUMIFS('Master Data'!$J:$J,'Master Data'!$A:$A,$M$4) -> 0 | N8: =SUMIFS('Master Data'!$J:$J,'Master Data'!$A:$A,$N$4) -> 0 | O8: =SUM(C8:N8) -> 957
B9: Total Leaves Availed | C9: =SUMIFS('Master Data'!$K:$K,'Master Data'!$A:$A,$C$4) -> 185 | D9: =SUMIFS('Master Data'!$K:$K,'Master Data'!$A:$A,$D$4) -> 283 | E9: =SUMIFS('Master Data'!$K:$K,'Master Data'!$A:$A,$E$4) -> 0 | F9: =SUMIFS('Master Data'!$K:$K,'Master Data'!$A:$A,$F$4) -> 0 | G9: =SUMIFS('Master Data'!$K:$K,'Master Data'!$A:$A,$G$4) -> 0 | H9: =SUMIFS('Master Data'!$K:$K,'Master Data'!$A:$A,$H$4) -> 0 | I9: =SUMIFS('Master Data'!$K:$K,'Master Data'!$A:$A,$I$4) -> 0 | J9: =SUMIFS('Master Data'!$K:$K,'Master Data'!$A:$A,$J$4) -> 0 | K9: =SUMIFS('Master Data'!$K:$K,'Master Data'!$A:$A,$K$4) -> 0 | L9: =SUMIFS('Master Data'!$K:$K,'Master Data'!$A:$A,$L$4) -> 0 | M9: =SUMIFS('Master Data'!$K:$K,'Master Data'!$A:$A,$M$4) -> 0 | N9: =SUMIFS('Master Data'!$K:$K,'Master Data'!$A:$A,$N$4) -> 0 | O9: =SUM(C9:N9) -> 468
B10: Gross Salary | C10: =SUMIFS('Master Data'!$M:$M,'Master Data'!$A:$A,$C$4) -> 2350200 | D10: =SUMIFS('Master Data'!$M:$M,'Master Data'!$A:$A,$D$4) -> 2373200 | E10: =SUMIFS('Master Data'!$M:$M,'Master Data'!$A:$A,$E$4) -> 0 | F10: =SUMIFS('Master Data'!$M:$M,'Master Data'!$A:$A,$F$4) -> 0 | G10: =SUMIFS('Master Data'!$M:$M,'Master Data'!$A:$A,$G$4) -> 0 | H10: =SUMIFS('Master Data'!$M:$M,'Master Data'!$A:$A,$H$4) -> 0 | I10: =SUMIFS('Master Data'!$M:$M,'Master Data'!$A:$A,$I$4) -> 0 | J10: =SUMIFS('Master Data'!$M:$M,'Master Data'!$A:$A,$J$4) -> 0 | K10: =SUMIFS('Master Data'!$M:$M,'Master Data'!$A:$A,$K$4) -> 0 | L10: =SUMIFS('Master Data'!$M:$M,'Master Data'!$A:$A,$L$4) -> 0 | M10: =SUMIFS('Master Data'!$M:$M,'Master Data'!$A:$A,$M$4) -> 0 | N10: =SUMIFS('Master Data'!$M:$M,'Master Data'!$A:$A,$N$4) -> 0 | O10: =SUM(C10:N10) -> 4723400
B11: Salary Earned | C11: =SUMIFS('Master Data'!$N:$N,'Master Data'!$A:$A,$C$4) -> 1313483.3 | D11: =SUMIFS('Master Data'!$N:$N,'Master Data'!$A:$A,$D$4) -> 1275687.1 | E11: =SUMIFS('Master Data'!$N:$N,'Master Data'!$A:$A,$E$4) -> 0 | F11: =SUMIFS('Master Data'!$N:$N,'Master Data'!$A:$A,$F$4) -> 0 | G11: =SUMIFS('Master Data'!$N:$N,'Master Data'!$A:$A,$G$4) -> 0 | H11: =SUMIFS('Master Data'!$N:$N,'Master Data'!$A:$A,$H$4) -> 0 | I11: =SUMIFS('Master Data'!$N:$N,'Master Data'!$A:$A,$I$4) -> 0 | J11: =SUMIFS('Master Data'!$N:$N,'Master Data'!$A:$A,$J$4) -> 0 | K11: =SUMIFS('Master Data'!$N:$N,'Master Data'!$A:$A,$K$4) -> 0 | L11: =SUMIFS('Master Data'!$N:$N,'Master Data'!$A:$A,$L$4) -> 0 | M11: =SUMIFS('Master Data'!$N:$N,'Master Data'!$A:$A,$M$4) -> 0 | N11: =SUMIFS('Master Data'!$N:$N,'Master Data'!$A:$A,$N$4) -> 0 | O11: =SUM(C11:N11) -> 2589170.4
B12: Advance Deducted | C12: =SUMIFS('Master Data'!$O:$O,'Master Data'!$A:$A,$C$4) -> 228743.56 | D12: =SUMIFS('Master Data'!$O:$O,'Master Data'!$A:$A,$D$4) -> 204182.18 | E12: =SUMIFS('Master Data'!$O:$O,'Master Data'!$A:$A,$E$4) -> 0 | F12: =SUMIFS('Master Data'!$O:$O,'Master Data'!$A:$A,$F$4) -> 0 | G12: =SUMIFS('Master Data'!$O:$O,'Master Data'!$A:$A,$G$4) -> 0 | H12: =SUMIFS('Master Data'!$O:$O,'Master Data'!$A:$A,$H$4) -> 0 | I12: =SUMIFS('Master Data'!$O:$O,'Master Data'!$A:$A,$I$4) -> 0 | J12: =SUMIFS('Master Data'!$O:$O,'Master Data'!$A:$A,$J$4) -> 0 | K12: =SUMIFS('Master Data'!$O:$O,'Master Data'!$A:$A,$K$4) -> 0 | L12: =SUMIFS('Master Data'!$O:$O,'Master Data'!$A:$A,$L$4) -> 0 | M12: =SUMIFS('Master Data'!$O:$O,'Master Data'!$A:$A,$M$4) -> 0 | N12: =SUMIFS('Master Data'!$O:$O,'Master Data'!$A:$A,$N$4) -> 0 | O12: =SUM(C12:N12) -> 432925.74
B13: Bonus / Inclusion | C13: =SUMIFS('Master Data'!$P:$P,'Master Data'!$A:$A,$C$4) -> 908126.88 | D13: =SUMIFS('Master Data'!$P:$P,'Master Data'!$A:$A,$D$4) -> 0 | E13: =SUMIFS('Master Data'!$P:$P,'Master Data'!$A:$A,$E$4) -> 0 | F13: =SUMIFS('Master Data'!$P:$P,'Master Data'!$A:$A,$F$4) -> 0 | G13: =SUMIFS('Master Data'!$P:$P,'Master Data'!$A:$A,$G$4) -> 0 | H13: =SUMIFS('Master Data'!$P:$P,'Master Data'!$A:$A,$H$4) -> 0 | I13: =SUMIFS('Master Data'!$P:$P,'Master Data'!$A:$A,$I$4) -> 0 | J13: =SUMIFS('Master Data'!$P:$P,'Master Data'!$A:$A,$J$4) -> 0 | K13: =SUMIFS('Master Data'!$P:$P,'Master Data'!$A:$A,$K$4) -> 0 | L13: =SUMIFS('Master Data'!$P:$P,'Master Data'!$A:$A,$L$4) -> 0 | M13: =SUMIFS('Master Data'!$P:$P,'Master Data'!$A:$A,$M$4) -> 0 | N13: =SUMIFS('Master Data'!$P:$P,'Master Data'!$A:$A,$N$4) -> 0 | O13: =SUM(C13:N13) -> 908126.88
B14: Net Payable | C14: =SUMIFS('Master Data'!$Q:$Q,'Master Data'!$A:$A,$C$4) -> 1992866.6 | D14: =SUMIFS('Master Data'!$Q:$Q,'Master Data'!$A:$A,$D$4) -> 1233815.7 | E14: =SUMIFS('Master Data'!$Q:$Q,'Master Data'!$A:$A,$E$4) -> 0 | F14: =SUMIFS('Master Data'!$Q:$Q,'Master Data'!$A:$A,$F$4) -> 0 | G14: =SUMIFS('Master Data'!$Q:$Q,'Master Data'!$A:$A,$G$4) -> 0 | H14: =SUMIFS('Master Data'!$Q:$Q,'Master Data'!$A:$A,$H$4) -> 0 | I14: =SUMIFS('Master Data'!$Q:$Q,'Master Data'!$A:$A,$I$4) -> 0 | J14: =SUMIFS('Master Data'!$Q:$Q,'Master Data'!$A:$A,$J$4) -> 0 | K14: =SUMIFS('Master Data'!$Q:$Q,'Master Data'!$A:$A,$K$4) -> 0 | L14: =SUMIFS('Master Data'!$Q:$Q,'Master Data'!$A:$A,$L$4) -> 0 | M14: =SUMIFS('Master Data'!$Q:$Q,'Master Data'!$A:$A,$M$4) -> 0 | N14: =SUMIFS('Master Data'!$Q:$Q,'Master Data'!$A:$A,$N$4) -> 0 | O14: =SUM(C14:N14) -> 3226682.4
B15: Total Paid | C15: =SUMIFS('Master Data'!$R:$R,'Master Data'!$A:$A,$C$4) -> 2034738 | D15: =SUMIFS('Master Data'!$R:$R,'Master Data'!$A:$A,$D$4) -> 3300 | E15: =SUMIFS('Master Data'!$R:$R,'Master Data'!$A:$A,$E$4) -> 0 | F15: =SUMIFS('Master Data'!$R:$R,'Master Data'!$A:$A,$F$4) -> 0 | G15: =SUMIFS('Master Data'!$R:$R,'Master Data'!$A:$A,$G$4) -> 0 | H15: =SUMIFS('Master Data'!$R:$R,'Master Data'!$A:$A,$H$4) -> 0 | I15: =SUMIFS('Master Data'!$R:$R,'Master Data'!$A:$A,$I$4) -> 0 | J15: =SUMIFS('Master Data'!$R:$R,'Master Data'!$A:$A,$J$4) -> 0 | K15: =SUMIFS('Master Data'!$R:$R,'Master Data'!$A:$A,$K$4) -> 0 | L15: =SUMIFS('Master Data'!$R:$R,'Master Data'!$A:$A,$L$4) -> 0 | M15: =SUMIFS('Master Data'!$R:$R,'Master Data'!$A:$A,$M$4) -> 0 | N15: =SUMIFS('Master Data'!$R:$R,'Master Data'!$A:$A,$N$4) -> 0 | O15: =SUM(C15:N15) -> 2038038
B16: Total Due | C16: =SUMIFS('Master Data'!$S:$S,'Master Data'!$A:$A,$C$4) -> -41871.352 | D16: =SUMIFS('Master Data'!$S:$S,'Master Data'!$A:$A,$D$4) -> 1230515.7 | E16: =SUMIFS('Master Data'!$S:$S,'Master Data'!$A:$A,$E$4) -> 0 | F16: =SUMIFS('Master Data'!$S:$S,'Master Data'!$A:$A,$F$4) -> 0 | G16: =SUMIFS('Master Data'!$S:$S,'Master Data'!$A:$A,$G$4) -> 0 | H16: =SUMIFS('Master Data'!$S:$S,'Master Data'!$A:$A,$H$4) -> 0 | I16: =SUMIFS('Master Data'!$S:$S,'Master Data'!$A:$A,$I$4) -> 0 | J16: =SUMIFS('Master Data'!$S:$S,'Master Data'!$A:$A,$J$4) -> 0 | K16: =SUMIFS('Master Data'!$S:$S,'Master Data'!$A:$A,$K$4) -> 0 | L16: =SUMIFS('Master Data'!$S:$S,'Master Data'!$A:$A,$L$4) -> 0 | M16: =SUMIFS('Master Data'!$S:$S,'Master Data'!$A:$A,$M$4) -> 0 | N16: =SUMIFS('Master Data'!$S:$S,'Master Data'!$A:$A,$N$4) -> 0 | O16: =SUM(C16:N16) -> 1188644.4

Sheet Master Data
A1: Month | B1: Employee | C1: Type | D1: Designation | E1: Site | F1: Working Days | G1: Present Days | H1: Absent Days | I1: Opening Leave Bal | J1: Leaves Allotted | K1: Leaves Availed | L1: Closing Leave Bal | M1: Salary (Gross) | N1: Salary Earned | O1: Advance Deducted | P1: Bonus / Inclusion | Q1: Net Payable | R1: Paid | S1: Due
A2: Apr 2026 | B2: Ajit Singh | C2: New | D2: supervisor | E2: Karo | F2: 30 | G2: 27 | H2: 3 | I2: =VLOOKUP(B2,'[1]Wages Sheet'!$B$8:$J$192,9,FALSE) -> -2.5 | J2: =SUM(VLOOKUP(B2,'[1]Wages Sheet'!$B$8:$K$192,10,FALSE)+(VLOOKUP(B2,'[1]Wages Sheet'!$B$8:$L$192,11,FALSE))) -> 4 | K2: =VLOOKUP(B2,'[1]Wages Sheet'!$B$8:$O$192,14,FALSE) -> 3 | L2: =VLOOKUP(B2,'[1]Wages Sheet'!$B$8:$Q$192,16,FALSE) -> 1 | M2: =VLOOKUP(B2,'[1]Wages Sheet'!$B$8:$T$193,19,FALSE) -> 9000 | N2: =VLOOKUP(B2,'[1]Wages Sheet'!$B$8:$U$192,20,FALSE) -> 9000 | O2: =VLOOKUP(B2,'[1]Wages Sheet'!$B$8:$W$192,22,FALSE) -> 0 | P2: =VLOOKUP(B2,'[1]Wages Sheet'!$B$8:$Z$192,25,FALSE) -> 2999.0323 | Q2: =VLOOKUP(B2,'[1]Wages Sheet'!$B$8:$AD$192,28,FALSE) -> 11999.032 | R2: =VLOOKUP(B2,'[1]Wages Sheet'!$B$8:$AD$192,29,FALSE) -> 12000 | S2: =VLOOKUP(B2,'[1]Wages Sheet'!$B$8:$AF$192,31,FALSE) -> -0.96774194
A3: Apr 2026 | B3: Ajit Yadav (Lalmani Yadav) | C3: New | D3: H | E3: Tori | F3: 30 | G3: 15 | H3: 15 | I3: =VLOOKUP(B3,'[1]Wages Sheet'!$B$8:$J$192,9,FALSE) -> 2 | J3: =SUM(VLOOKUP(B3,'[1]Wages Sheet'!$B$8:$K$192,10,FALSE)+(VLOOKUP(B3,'[1]Wages Sheet'!$B$8:$L$192,11,FALSE))) -> 8 | K3: =VLOOKUP(B3,'[1]Wages Sheet'!$B$8:$O$192,14,FALSE) -> 0 | L3: =VLOOKUP(B3,'[1]Wages Sheet'!$B$8:$Q$192,16,FALSE) -> 0 | M3: =VLOOKUP(B3,'[1]Wages Sheet'!$B$8:$T$193,19,FALSE) -> 9500 | N3: =VLOOKUP(B3,'[1]Wages Sheet'!$B$8:$U$192,20,FALSE) -> 7916.6667 | O3: =VLOOKUP(B3,'[1]Wages Sheet'!$B$8:$W$192,22,FALSE) -> 0 | P3: =VLOOKUP(B3,'[1]Wages Sheet'!$B$8:$Z$192,25,FALSE) -> 9500 | Q3: =VLOOKUP(B3,'[1]Wages Sheet'!$B$8:$AD$192,28,FALSE) -> 17416.667 | R3: =VLOOKUP(B3,'[1]Wages Sheet'!$B$8:$AD$192,29,FALSE) -> 17500 | S3: =VLOOKUP(B3,'[1]Wages Sheet'!$B$8:$AF$192,31,FALSE) -> -83.333333
A4: Apr 2026 | B4: Akash Kumar Turi | C4: New | D4: H | F4: 30 | G4: 0 | H4: 30 | I4: =VLOOKUP(B4,'[1]Wages Sheet'!$B$8:$J$192,9,FALSE) -> 0 | J4: =SUM(VLOOKUP(B4,'[1]Wages Sheet'!$B$8:$K$192,10,FALSE)+(VLOOKUP(B4,'[1]Wages Sheet'!$B$8:$L$192,11,FALSE))) -> 0 | K4: =VLOOKUP(B4,'[1]Wages Sheet'!$B$8:$O$192,14,FALSE) -> 0 | L4: =VLOOKUP(B4,'[1]Wages Sheet'!$B$8:$Q$192,16,FALSE) -> 0 | M4: =VLOOKUP(B4,'[1]Wages Sheet'!$B$8:$T$193,19,FALSE) -> 9500 | N4: =VLOOKUP(B4,'[1]Wages Sheet'!$B$8:$U$192,20,FALSE) -> 0 | O4: =VLOOKUP(B4,'[1]Wages Sheet'!$B$8:$W$192,22,FALSE) -> 0 | P4: =VLOOKUP(B4,'[1]Wages Sheet'!$B$8:$Z$192,25,FALSE) -> 0 | Q4: =VLOOKUP(B4,'[1]Wages Sheet'!$B$8:$AD$192,28,FALSE) -> 0 | R4: =VLOOKUP(B4,'[1]Wages Sheet'!$B$8:$AD$192,29,FALSE) -> 0 | S4: =VLOOKUP(B4,'[1]Wages Sheet'!$B$8:$AF$192,31,FALSE) -> 0
A5: Apr 2026 | B5: Amar Lal Mahto | C5: New | D5: T/D | F5: 30 | G5: 0 | H5: 30 | I5: =VLOOKUP(B5,'[1]Wages Sheet'!$B$8:$J$192,9,FALSE) -> 0 | J5: =SUM(VLOOKUP(B5,'[1]Wages Sheet'!$B$8:$K$192,10,FALSE)+(VLOOKUP(B5,'[1]Wages Sheet'!$B$8:$L$192,11,FALSE))) -> 0 | K5: =VLOOKUP(B5,'[1]Wages Sheet'!$B$8:$O$192,14,FALSE) -> 0 | L5: =VLOOKUP(B5,'[1]Wages Sheet'!$B$8:$Q$192,16,FALSE) -> 0 | M5: =VLOOKUP(B5,'[1]Wages Sheet'!$B$8:$T$193,19,FALSE) -> 16000 | N5: =VLOOKUP(B5,'[1]Wages Sheet'!$B$8:$U$192,20,FALSE) -> 0 | O5: =VLOOKUP(B5,'[1]Wages Sheet'!$B$8:$W$192,22,FALSE) -> 0 | P5: =VLOOKUP(B5,'[1]Wages Sheet'!$B$8:$Z$192,25,FALSE) -> 0 | Q5: =VLOOKUP(B5,'[1]Wages Sheet'!$B$8:$AD$192,28,FALSE) -> 0 | R5: =VLOOKUP(B5,'[1]Wages Sheet'!$B$8:$AD$192,29,FALSE) -> 0 | S5: =VLOOKUP(B5,'[1]Wages Sheet'!$B$8:$AF$192,31,FALSE) -> 0
A6: Apr 2026 | B6: Anil Hansda | C6: Old | D6: T/D | E6: Karo/Lalpania | F6: 30 | G6: 19 | H6: 11 | I6: =VLOOKUP(B6,'[1]Wages Sheet'!$B$8:$J$192,9,FALSE) -> -3 | J6: =SUM(VLOOKUP(B6,'[1]Wages Sheet'!$B$8:$K$192,10,FALSE)+(VLOOKUP(B6,'[1]Wages Sheet'!$B$8:$L$192,11,FALSE))) -> 2 | K6: =VLOOKUP(B6,'[1]Wages Sheet'!$B$8:$O$192,14,FALSE) -> 2 | L6: =VLOOKUP(B6,'[1]Wages Sheet'!$B$8:$Q$192,16,FALSE) -> 0 | M6: =VLOOKUP(B6,'[1]Wages Sheet'!$B$8:$T$193,19,FALSE) -> 16000 | N6: =VLOOKUP(B6,'[1]Wages Sheet'!$B$8:$U$192,20,FALSE) -> 11200 | O6: =VLOOKUP(B6,'[1]Wages Sheet'!$B$8:$W$192,22,FALSE) -> 5096.957 | P6: =VLOOKUP(B6,'[1]Wages Sheet'!$B$8:$Z$192,25,FALSE) -> 0 | Q6: =VLOOKUP(B6,'[1]Wages Sheet'!$B$8:$AD$192,28,FALSE) -> 6103.043 | R6: =VLOOKUP(B6,'[1]Wages Sheet'!$B$8:$AD$192,29,FALSE) -> 6103 | S6: =VLOOKUP(B6,'[1]Wages Sheet'!$B$8:$AF$192,31,FALSE) -> 0.043010753
A7: Apr 2026 | B7: Aniruddha Paul | C7: New | D7: ENGG. | E7: Karo | F7: 30 | G7: 28 | H7: 2 | I7: =VLOOKUP(B7,'[1]Wages Sheet'!$B$8:$J$192,9,FALSE) -> -7 | J7: =SUM(VLOOKUP(B7,'[1]Wages Sheet'!$B$8:$K$192,10,FALSE)+(VLOOKUP(B7,'[1]Wages Sheet'!$B$8:$L$192,11,FALSE))) -> 4 | K7: =VLOOKUP(B7,'[1]Wages Sheet'!$B$8:$O$192,14,FALSE) -> 2 | L7: =VLOOKUP(B7,'[1]Wages Sheet'!$B$8:$Q$192,16,FALSE) -> 2 | M7: =VLOOKUP(B7,'[1]Wages Sheet'!$B$8:$T$193,19,FALSE) -> 17000 | N7: =VLOOKUP(B7,'[1]Wages Sheet'!$B$8:$U$192,20,FALSE) -> 17000 | O7: =VLOOKUP(B7,'[1]Wages Sheet'!$B$8:$W$192,22,FALSE) -> 0 | P7: =VLOOKUP(B7,'[1]Wages Sheet'!$B$8:$Z$192,25,FALSE) -> 0 | Q7: =VLOOKUP(B7,'[1]Wages Sheet'!$B$8:$AD$192,28,FALSE) -> 17000 | R7: =VLOOKUP(B7,'[1]Wages Sheet'!$B$8:$AD$192,29,FALSE) -> 17000 | S7: =VLOOKUP(B7,'[1]Wages Sheet'!$B$8:$AF$192,31,FALSE) -> 0
A8: Apr 2026 | B8: Anshu Karmali | C8: New | D8: Polc. H | E8: Karo/ Tori | F8: 30 | G8: 30 | H8: 0 | I8: =VLOOKUP(B8,'[1]Wages Sheet'!$B$8:$J$192,9,FALSE) -> 5 | J8: =SUM(VLOOKUP(B8,'[1]Wages Sheet'!$B$8:$K$192,10,FALSE)+(VLOOKUP(B8,'[1]Wages Sheet'!$B$8:$L$192,11,FALSE))) -> 4 | K8: =VLOOKUP(B8,'[1]Wages Sheet'!$B$8:$O$192,14,FALSE) -> 0 | L8: =VLOOKUP(B8,'[1]Wages Sheet'!$B$8:$Q$192,16,FALSE) -> 9 | M8: =VLOOKUP(B8,'[1]Wages Sheet'!$B$8:$T$193,19,FALSE) -> 9500 | N8: =VLOOKUP(B8,'[1]Wages Sheet'!$B$8:$U$192,20,FALSE) -> 9500 | O8: =VLOOKUP(B8,'[1]Wages Sheet'!$B$8:$W$192,22,FALSE) -> 0 | P8: =VLOOKUP(B8,'[1]Wages Sheet'!$B$8:$Z$192,25,FALSE) -> 9000.3333 | Q8: =VLOOKUP(B8,'[1]Wages Sheet'!$B$8:$AD$192,28,FALSE) -> 18500.333 | R8: =VLOOKUP(B8,'[1]Wages Sheet'!$B$8:$AD$192,29,FALSE) -> 18500 | S8: =VLOOKUP(B8,'[1]Wages Sheet'!$B$8:$AF$192,31,FALSE) -> 0.33333333
A9: Apr 2026 | B9: Arijit Kundu | C9: New | D9: ENGG. | E9: Karo | F9: 30 | G9: 24 | H9: 6 | I9: =VLOOKUP(B9,'[1]Wages Sheet'!$B$8:$J$192,9,FALSE) -> -13 | J9: =SUM(VLOOKUP(B9,'[1]Wages Sheet'!$B$8:$K$192,10,FALSE)+(VLOOKUP(B9,'[1]Wages Sheet'!$B$8:$L$192,11,FALSE))) -> 6 | K9: =VLOOKUP(B9,'[1]Wages Sheet'!$B$8:$O$192,14,FALSE) -> 6 | L9: =VLOOKUP(B9,'[1]Wages Sheet'!$B$8:$Q$192,16,FALSE) -> 0 | M9: =VLOOKUP(B9,'[1]Wages Sheet'!$B$8:$T$193,19,FALSE) -> 18000 | N9: =VLOOKUP(B9,'[1]Wages Sheet'!$B$8:$U$192,20,FALSE) -> 18000 | O9: =VLOOKUP(B9,'[1]Wages Sheet'!$B$8:$W$192,22,FALSE) -> 0 | P9: =VLOOKUP(B9,'[1]Wages Sheet'!$B$8:$Z$192,25,FALSE) -> 0 | Q9: =VLOOKUP(B9,'[1]Wages Sheet'!$B$8:$AD$192,28,FALSE) -> 18000 | R9: =VLOOKUP(B9,'[1]Wages Sheet'!$B$8:$AD$192,29,FALSE) -> 18000 | S9: =VLOOKUP(B9,'[1]Wages Sheet'!$B$8:$AF$192,31,FALSE) -> 0
A10: Apr 2026 | B10: Arpan Lakra | C10: New | D10: H | F10: 30 | G10: 0 | H10: 30 | I10: =VLOOKUP(B10,'[1]Wages Sheet'!$B$8:$J$192,9,FALSE) -> 0 | J10: =SUM(VLOOKUP(B10,'[1]Wages Sheet'!$B$8:$K$192,10,FALSE)+(VLOOKUP(B10,'[1]Wages Sheet'!$B$8:$L$192,11,FALSE))) -> 0 | K10: =VLOOKUP(B10,'[1]Wages Sheet'!$B$8:$O$192,14,FALSE) -> 0 | L10: =VLOOKUP(B10,'[1]Wages Sheet'!$B$8:$Q$192,16,FALSE) -> 0 | M10: =VLOOKUP(B10,'[1]Wages Sheet'!$B$8:$T$193,19,FALSE) -> 8500 | N10: =VLOOKUP(B10,'[1]Wages Sheet'!$B$8:$U$192,20,FALSE) -> 0 | O10: =VLOOKUP(B10,'[1]Wages Sheet'!$B$8:$W$192,22,FALSE) -> 0 | P10: =VLOOKUP(B10,'[1]Wages Sheet'!$B$8:$Z$192,25,FALSE) -> 0 | Q10: =VLOOKUP(B10,'[1]Wages Sheet'!$B$8:$AD$192,28,FALSE) -> 0 | R10: =VLOOKUP(B10,'[1]Wages Sheet'!$B$8:$AD$192,29,FALSE) -> 0 | S10: =VLOOKUP(B10,'[1]Wages Sheet'!$B$8:$AF$192,31,FALSE) -> 0
A11: Apr 2026 | B11: Arun Soren | C11: New | D11: H | F11: 30 | G11: 0 | H11: 30 | I11: =VLOOKUP(B11,'[1]Wages Sheet'!$B$8:$J$192,9,FALSE) -> 0 | J11: =SUM(VLOOKUP(B11,'[1]Wages Sheet'!$B$8:$K$192,10,FALSE)+(VLOOKUP(B11,'[1]Wages Sheet'!$B$8:$L$192,11,FALSE))) -> 0 | K11: =VLOOKUP(B11,'[1]Wages Sheet'!$B$8:$O$192,14,FALSE) -> 0 | L11: =VLOOKUP(B11,'[1]Wages Sheet'!$B$8:$Q$192,16,FALSE) -> 0 | M11: =VLOOKUP(B11,'[1]Wages Sheet'!$B$8:$T$193,19,FALSE) -> 9500 | N11: =VLOOKUP(B11,'[1]Wages Sheet'!$B$8:$U$192,20,FALSE) -> 0 | O11: =VLOOKUP(B11,'[1]Wages Sheet'!$B$8:$W$192,22,FALSE) -> 0 | P11: =VLOOKUP(B11,'[1]Wages Sheet'!$B$8:$Z$192,25,FALSE) -> 7528.8172 | Q11: =VLOOKUP(B11,'[1]Wages Sheet'!$B$8:$AD$192,28,FALSE) -> 7528.8172 | R11: =VLOOKUP(B11,'[1]Wages Sheet'!$B$8:$AD$192,29,FALSE) -> 0 | S11: =VLOOKUP(B11,'[1]Wages Sheet'!$B$8:$AF$192,31,FALSE) -> 7528.8172
A12: Apr 2026 | B12: Aryan Kumar | C12: New | D12: supervisor | F12: 30 | G12: 0 | H12: 30 | I12: =VLOOKUP(B12,'[1]Wages Sheet'!$B$8:$J$192,9,FALSE) -> 0 | J12: =SUM(VLOOKUP(B12,'[1]Wages Sheet'!$B$8:$K$192,10,FALSE)+(VLOOKUP(B12,'[1]Wages Sheet'!$B$8:$L$192,11,FALSE))) -> 0 | K12: =VLOOKUP(B12,'[1]Wages Sheet'!$B$8:$O$192,14,FALSE) -> 0 | L12: =VLOOKUP(B12,'[1]Wages Sheet'!$B$8:$Q$192,16,FALSE) -> 0 | M12: =VLOOKUP(B12,'[1]Wages Sheet'!$B$8:$T$193,19,FALSE) -> 10000 | N12: =VLOOKUP(B12,'[1]Wages Sheet'!$B$8:$U$192,20,FALSE) -> 0 | O12: =VLOOKUP(B12,'[1]Wages Sheet'!$B$8:$W$192,22,FALSE) -> 0 | P12: =VLOOKUP(B12,'[1]Wages Sheet'!$B$8:$Z$192,25,FALSE) -> 0 | Q12: =VLOOKUP(B12,'[1]Wages Sheet'!$B$8:$AD$192,28,FALSE) -> 0 | R12: =VLOOKUP(B12,'[1]Wages Sheet'!$B$8:$AD$192,29,FALSE) -> 0 | S12: =VLOOKUP(B12,'[1]Wages Sheet'!$B$8:$AF$192,31,FALSE) -> 0
A13: Apr 2026 | B13: Ashish Kr. Mahto | C13: New | D13: H | F13: 30 | G13: 0 | H13: 30 | I13: =VLOOKUP(B13,'[1]Wages Sheet'!$B$8:$J$192,9,FALSE) -> 0 | J13: =SUM(VLOOKUP(B13,'[1]Wages Sheet'!$B$8:$K$192,10,FALSE)+(VLOOKUP(B13,'[1]Wages Sheet'!$B$8:$L$192,11,FALSE))) -> 0 | K13: =VLOOKUP(B13,'[1]Wages Sheet'!$B$8:$O$192,14,FALSE) -> 0 | L13: =VLOOKUP(B13,'[1]Wages Sheet'!$B$8:$Q$192,16,FALSE) -> 0 | M13: =VLOOKUP(B13,'[1]Wages Sheet'!$B$8:$T$193,19,FALSE) -> 9500 | N13: =VLOOKUP(B13,'[1]Wages Sheet'!$B$8:$U$192,20,FALSE) -> 0 | O13: =VLOOKUP(B13,'[1]Wages Sheet'!$B$8:$W$192,22,FALSE) -> 0 | P13: =VLOOKUP(B13,'[1]Wages Sheet'!$B$8:$Z$192,25,FALSE) -> 0 | Q13: =VLOOKUP(B13,'[1]Wages Sheet'!$B$8:$AD$192,28,FALSE) -> 0 | R13: =VLOOKUP(B13,'[1]Wages Sheet'!$B$8:$AD$192,29,FALSE) -> 0 | S13: =VLOOKUP(B13,'[1]Wages Sheet'!$B$8:$AF$192,31,FALSE) -> 0
A14: Apr 2026 | B14: Bablu Hembrom | C14: New | D14: T/D | E14: Karo/lalpania | F14: 30 | G14: 22 | H14: 8 | I14: =VLOOKUP(B14,'[1]Wages Sheet'!$B$8:$J$192,9,FALSE) -> -3 | J14: =SUM(VLOOKUP(B14,'[1]Wages Sheet'!$B$8:$K$192,10,FALSE)+(VLOOKUP(B14,'[1]Wages Sheet'!$B$8:$L$192,11,FALSE))) -> 8 | K14: =VLOOKUP(B14,'[1]Wages Sheet'!$B$8:$O$192,14,FALSE) -> 8 | L14: =VLOOKUP(B14,'[1]Wages Sheet'!$B$8:$Q$192,16,FALSE) -> 0 | M14: =VLOOKUP(B14,'[1]Wages Sheet'!$B$8:$T$193,19,FALSE) -> 16000 | N14: =VLOOKUP(B14,'[1]Wages Sheet'!$B$8:$U$192,20,FALSE) -> 16000 | O14: =VLOOKUP(B14,'[1]Wages Sheet'!$B$8:$W$192,22,FALSE) -> 1109.8172 | P14: =VLOOKUP(B14,'[1]Wages Sheet'!$B$8:$Z$192,25,FALSE) -> 0 | Q14: =VLOOKUP(B14,'[1]Wages Sheet'!$B$8:$AD$192,28,FALSE) -> 14890.183 | R14: =VLOOKUP(B14,'[1]Wages Sheet'!$B$8:$AD$192,29,FALSE) -> 14890 | S14: =VLOOKUP(B14,'[1]Wages Sheet'!$B$8:$AF$192,31,FALSE) -> 0.1827957
A15: Apr 2026 | B15: Babu Murmu | C15: Old | D15: MECHANIC | E15: Karo/Tori/Lal | F15: 30 | G15: 29 | H15: 1 | I15: =VLOOKUP(B15,'[1]Wages Sheet'!$B$8:$J$192,9,FALSE) -> -4 | J15: =SUM(VLOOKUP(B15,'[1]Wages Sheet'!$B$8:$K$192,10,FALSE)+(VLOOKUP(B15,'[1]Wages Sheet'!$B$8:$L$192,11,FALSE))) -> 4 | K15: =VLOOKUP(B15,'[1]Wages Sheet'!$B$8:$O$192,14,FALSE) -> 1 | L15: =VLOOKUP(B15,'[1]Wages Sheet'!$B$8:$Q$192,16,FALSE) -> 3 | M15: =VLOOKUP(B15,'[1]Wages Sheet'!$B$8:$T$193,19,FALSE) -> 17000 | N15: =VLOOKUP(B15,'[1]Wages Sheet'!$B$8:$U$192,20,FALSE) -> 17000 | O15: =VLOOKUP(B15,'[1]Wages Sheet'!$B$8:$W$192,22,FALSE) -> 0 | P15: =VLOOKUP(B15,'[1]Wages Sheet'!$B$8:$Z$192,25,FALSE) -> 5806.4516 | Q15: =VLOOKUP(B15,'[1]Wages Sheet'!$B$8:$AD$192,28,FALSE) -> 22806.452 | R15: =VLOOKUP(B15,'[1]Wages Sheet'!$B$8:$AD$192,29,FALSE) -> 23306 | S15: =VLOOKUP(B15,'[1]Wages Sheet'!$B$8:$AF$192,31,FALSE) -> -499.54839
A16: Apr 2026 | B16: Babu Rajwar | C16: Old | D16: P.Foreman | E16: Karo | F16: 30 | G16: 29 | H16: 1 | I16: =VLOOKUP(B16,'[1]Wages Sheet'!$B$8:$J$192,9,FALSE) -> 8 | J16: =SUM(VLOOKUP(B16,'[1]Wages Sheet'!$B$8:$K$192,10,FALSE)+(VLOOKUP(B16,'[1]Wages Sheet'!$B$8:$L$192,11,FALSE))) -> 4 | K16: =VLOOKUP(B16,'[1]Wages Sheet'!$B$8:$O$192,14,FALSE) -> 1 | L16: =VLOOKUP(B16,'[1]Wages Sheet'!$B$8:$Q$192,16,FALSE) -> 11 | M16: =VLOOKUP(B16,'[1]Wages Sheet'!$B$8:$T$193,19,FALSE) -> 21000 | N16: =VLOOKUP(B16,'[1]Wages Sheet'!$B$8:$U$192,20,FALSE) -> 21000 | O16: =VLOOKUP(B16,'[1]Wages Sheet'!$B$8:$W$192,22,FALSE) -> 0 | P16: =VLOOKUP(B16,'[1]Wages Sheet'!$B$8:$Z$192,25,FALSE) -> 0 | Q16: =VLOOKUP(B16,'[1]Wages Sheet'!$B$8:$AD$192,28,FALSE) -> 21000 | R16: =VLOOKUP(B16,'[1]Wages Sheet'!$B$8:$AD$192,29,FALSE) -> 21000 | S16: =VLOOKUP(B16,'[1]Wages Sheet'!$B$8:$AF$192,31,FALSE) -> 0
A17: Apr 2026 | B17: Baldeo Rajak | C17: Old | D17: T/D | E17: Karo/tori | F17: 30 | G17: 28 | H17: 2 | I17: =VLOOKUP(B17,'[1]Wages Sheet'!$B$8:$J$192,9,FALSE) -> 3 | J17: =SUM(VLOOKUP(B17,'[1]Wages Sheet'!$B$8:$K$192,10,FALSE)+(VLOOKUP(B17,'[1]Wages Sheet'!$B$8:$L$192,11,FALSE))) -> 4 | K17: =VLOOKUP(B17,'[1]Wages Sheet'!$B$8:$O$192,14,FALSE) -> 2 | L17: =VLOOKUP(B17,'[1]Wages Sheet'!$B$8:$Q$192,16,FALSE) -> 5 | M17: =VLOOKUP(B17,'[1]Wages Sheet'!$B$8:$T$193,19,FALSE) -> 16000 | N17: =VLOOKUP(B17,'[1]Wages Sheet'!$B$8:$U$192,20,FALSE) -> 16000 | O17: =VLOOKUP(B17,'[1]Wages Sheet'!$B$8:$W$192,22,FALSE) -> 0 | P17: =VLOOKUP(B17,'[1]Wages Sheet'!$B$8:$Z$192,25,FALSE) -> 16000 | Q17: =VLOOKUP(B17,'[1]Wages Sheet'!$B$8:$AD$192,28,FALSE) -> 32000 | R17: =VLOOKUP(B17,'[1]Wages Sheet'!$B$8:$AD$192,29,FALSE) -> 32000 | S17: =VLOOKUP(B17,'[1]Wages Sheet'!$B$8:$AF$192,31,FALSE) -> 0
A18: Apr 2026 | B18: Baldeo Yadav | C18: New | D18: supervisor | F18: 30 | G18: 0 | H18: 30 | I18: =VLOOKUP(B18,'[1]Wages Sheet'!$B$8:$J$192,9,FALSE) -> 0 | J18: =SUM(VLOOKUP(B18,'[1]Wages Sheet'!$B$8:$K$192,10,FALSE)+(VLOOKUP(B18,'[1]Wages Sheet'!$B$8:$L$192,11,FALSE))) -> 0 | K18: =VLOOKUP(B18,'[1]Wages Sheet'!$B$8:$O$192,14,FALSE) -> 0 | L18: =VLOOKUP(B18,'[1]Wages Sheet'!$B$8:$Q$192,16,FALSE) -> 0 | M18: =VLOOKUP(B18,'[1]Wages Sheet'!$B$8:$T$193,19,FALSE) -> 9000 | N18: =VLOOKUP(B18,'[1]Wages Sheet'!$B$8:$U$192,20,FALSE) -> 0 | O18: =VLOOKUP(B18,'[1]Wages Sheet'!$B$8:$W$192,22,FALSE) -> 0 | P18: =VLOOKUP(B18,'[1]Wages Sheet'!$B$8:$Z$192,25,FALSE) -> 0 | Q18: =VLOOKUP(B18,'[1]Wages Sheet'!$B$8:$AD$192,28,FALSE) -> 0 | R18: =VLOOKUP(B18,'[1]Wages Sheet'!$B$8:$AD$192,29,FALSE) -> 0 | S18: =VLOOKUP(B18,'[1]Wages Sheet'!$B$8:$AF$192,31,FALSE) -> 0
A19: Apr 2026 | B19: Banty Thakur | C19: New | D19: H | F19: 30 | G19: 0 | H19: 30 | I19: =VLOOKUP(B19,'[1]Wages Sheet'!$B$8:$J$192,9,FALSE) -> 0 | J19: =SUM(VLOOKUP(B19,'[1]Wages Sheet'!$B$8:$K$192,10,FALSE)+(VLOOKUP(B19,'[1]Wages Sheet'!$B$8:$L$192,11,FALSE))) -> 0 | K19: =VLOOKUP(B19,'[1]Wages Sheet'!$B$8:$O$192,14,FALSE) -> 0 | L19: =VLOOKUP(B19,'[1]Wages Sheet'!$B$8:$Q$192,16,FALSE) -> 0 | M19: =VLOOKUP(B19,'[1]Wages Sheet'!$B$8:$T$193,19,FALSE) -> 9500 | N19: =VLOOKUP(B19,'[1]Wages Sheet'!$B$8:$U$192,20,FALSE) -> 0 | O19: =VLOOKUP(B19,'[1]Wages Sheet'!$B$8:$W$192,22,FALSE) -> 0 | P19: =VLOOKUP(B19,'[1]Wages Sheet'!$B$8:$Z$192,25,FALSE) -> 0 | Q19: =VLOOKUP(B19,'[1]Wages Sheet'!$B$8:$AD$192,28,FALSE) -> 0 | R19: =VLOOKUP(B19,'[1]Wages Sheet'!$B$8:$AD$192,29,FALSE) -> 0 | S19: =VLOOKUP(B19,'[1]Wages Sheet'!$B$8:$AF$192,31,FALSE) -> 0
A20: Apr 2026 | B20: Basu Sawarnkar | C20: New | D20: COOK | E20: konar | F20: 30 | G20: 30 | H20: 0 | I20: =VLOOKUP(B20,'[1]Wages Sheet'!$B$8:$J$192,9,FALSE) -> 9 | J20: =SUM(VLOOKUP(B20,'[1]Wages Sheet'!$B$8:$K$192,10,FALSE)+(VLOOKUP(B20,'[1]Wages Sheet'!$B$8:$L$192,11,FALSE))) -> 4 | K20: =VLOOKUP(B20,'[1]Wages Sheet'!$B$8:$O$192,14,FALSE) -> 0 | L20: =VLOOKUP(B20,'[1]Wages Sheet'!$B$8:$Q$192,16,FALSE) -> 13 | M20: =VLOOKUP(B20,'[1]Wages Sheet'!$B$8:$T$193,19,FALSE) -> 11000 | N20: =VLOOKUP(B20,'[1]Wages Sheet'!$B$8:$U$192,20,FALSE) -> 11000 | O20: =VLOOKUP(B20,'[1]Wages Sheet'!$B$8:$W$192,22,FALSE) -> 0 | P20: =VLOOKUP(B20,'[1]Wages Sheet'!$B$8:$Z$192,25,FALSE) -> 5988.7097 | Q20: =VLOOKUP(B20,'[1]Wages Sheet'!$B$8:$AD$192,28,FALSE) -> 16988.71 | R20: =VLOOKUP(B20,'[1]Wages Sheet'!$B$8:$AD$192,29,FALSE) -> 17000 | S20: =VLOOKUP(B20,'[1]Wages Sheet'!$B$8:$AF$192,31,FALSE) -> -11.290323
A21: Apr 2026 | B21: Bhavishay Tiwari | C21: New | D21: T/D | F21: 30 | G21: 0 | H21: 30 | I21: =VLOOKUP(B21,'[1]Wages Sheet'!$B$8:$J$192,9,FALSE) -> 0 | J21: =SUM(VLOOKUP(B21,'[1]Wages Sheet'!$B$8:$K$192,10,FALSE)+(VLOOKUP(B21,'[1]Wages Sheet'!$B$8:$L$192,11,FALSE))) -> 0 | K21: =VLOOKUP(B21,'[1]Wages Sheet'!$B$8:$O$192,14,FALSE) -> 0 | L21: =VLOOKUP(B21,'[1]Wages Sheet'!$B$8:$Q$192,16,FALSE) -> 0 | M21: =VLOOKUP(B21,'[1]Wages Sheet'!$B$8:$T$193,19,FALSE) -> 15500 | N21: =VLOOKUP(B21,'[1]Wages Sheet'!$B$8:$U$192,20,FALSE) -> 0 | O21: =VLOOKUP(B21,'[1]Wages Sheet'!$B$8:$W$192,22,FALSE) -> 0 | P21: =VLOOKUP(B21,'[1]Wages Sheet'!$B$8:$Z$192,25,FALSE) -> 0 | Q21: =VLOOKUP(B21,'[1]Wages Sheet'!$B$8:$AD$192,28,FALSE) -> 0 | R21: =VLOOKUP(B21,'[1]Wages Sheet'!$B$8:$AD$192,29,FALSE) -> 0 | S21: =VLOOKUP(B21,'[1]Wages Sheet'!$B$8:$AF$192,31,FALSE) -> 0
A22: Apr 2026 | B22: Bhola Mahto (Td) | C22: Old | D22: T/D | E22: lal | F22: 30 | G22: 30 | H22: 0 | I22: =VLOOKUP(B22,'[1]Wages Sheet'!$B$8:$J$192,9,FALSE) -> 1 | J22: =SUM(VLOOKUP(B22,'[1]Wages Sheet'!$B$8:$K$192,10,FALSE)+(VLOOKUP(B22,'[1]Wages Sheet'!$B$8:$L$192,11,FALSE))) -> 4 | K22: =VLOOKUP(B22,'[1]Wages Sheet'!$B$8:$O$192,14,FALSE) -> 0 | L22: =VLOOKUP(B22,'[1]Wages Sheet'!$B$8:$Q$192,16,FALSE) -> 5 | M22: =VLOOKUP(B22,'[1]Wages Sheet'!$B$8:$T$193,19,FALSE) -> 16000 | N22: =VLOOKUP(B22,'[1]Wages Sheet'!$B$8:$U$192,20,FALSE) -> 16000 | O22: =VLOOKUP(B22,'[1]Wages Sheet'!$B$8:$W$192,22,FALSE) -> 0 | P22: =VLOOKUP(B22,'[1]Wages Sheet'!$B$8:$Z$192,25,FALSE) -> 8011.6129 | Q22: =VLOOKUP(B22,'[1]Wages Sheet'!$B$8:$AD$192,28,FALSE) -> 24011.613 | R22: =VLOOKUP(B22,'[1]Wages Sheet'!$B$8:$AD$192,29,FALSE) -> 24012 | S22: =VLOOKUP(B22,'[1]Wages Sheet'!$B$8:$AF$192,31,FALSE) -> -0.38709677
A23: Apr 2026 | B23: Bhola Mahto (Polc.H) | C23: New | D23: Polc. H | E23: Karo | F23: 30 | G23: 26 | H23: 4 | I23: =VLOOKUP(B23,'[1]Wages Sheet'!$B$8:$J$192,9,FALSE) -> 3 | J23: =SUM(VLOOKUP(B23,'[1]Wages Sheet'!$B$8:$K$192,10,FALSE)+(VLOOKUP(B23,'[1]Wages Sheet'!$B$8:$L$192,11,FALSE))) -> 4 | K23: =VLOOKUP(B23,'[1]Wages Sheet'!$B$8:$O$192,14,FALSE) -> 4 | L23: =VLOOKUP(B23,'[1]Wages Sheet'!$B$8:$Q$192,16,FALSE) -> 3 | M23: =VLOOKUP(B23,'[1]Wages Sheet'!$B$8:$T$193,19,FALSE) -> 9500 | N23: =VLOOKUP(B23,'[1]Wages Sheet'!$B$8:$U$192,20,FALSE) -> 9500 | O23: =VLOOKUP(B23,'[1]Wages Sheet'!$B$8:$W$192,22,FALSE) -> 0 | P23: =VLOOKUP(B23,'[1]Wages Sheet'!$B$8:$Z$192,25,FALSE) -> 9496.6667 | Q23: =VLOOKUP(B23,'[1]Wages Sheet'!$B$8:$AD$192,28,FALSE) -> 18996.667 | R23: =VLOOKUP(B23,'[1]Wages Sheet'!$B$8:$AD$192,29,FALSE) -> 19000 | S23: =VLOOKUP(B23,'[1]Wages Sheet'!$B$8:$AF$192,31,FALSE) -> -3.3333333
A24: Apr 2026 | B24: Bipin Kumar (Rajak) | C24: Local | D24: T/D | F24: 30 | G24: 0 | H24: 30 | I24: =VLOOKUP(B24,'[1]Wages Sheet'!$B$8:$J$192,9,FALSE) -> 0 | J24: =SUM(VLOOKUP(B24,'[1]Wages Sheet'!$B$8:$K$192,10,FALSE)+(VLOOKUP(B24,'[1]Wages Sheet'!$B$8:$L$192,11,FALSE))) -> 0 | K24: =VLOOKUP(B24,'[1]Wages Sheet'!$B$8:$O$192,14,FALSE) -> 0 | L24: =VLOOKUP(B24,'[1]Wages Sheet'!$B$8:$Q$192,16,FALSE) -> 0 | M24: =VLOOKUP(B24,'[1]Wages Sheet'!$B$8:$T$193,19,FALSE) -> 16000 | N24: =VLOOKUP(B24,'[1]Wages Sheet'!$B$8:$U$192,20,FALSE) -> 0 | O24: =VLOOKUP(B24,'[1]Wages Sheet'!$B$8:$W$192,22,FALSE) -> 0.35483871 | P24: =VLOOKUP(B24,'[1]Wages Sheet'!$B$8:$Z$192,25,FALSE) -> 0 | Q24: =VLOOKUP(B24,'[1]Wages Sheet'!$B$8:$AD$192,28,FALSE) -> -0.35483871 | R24: =VLOOKUP(B24,'[1]Wages Sheet'!$B$8:$AD$192,29,FALSE) -> 0 | S24: =VLOOKUP(B24,'[1]Wages Sheet'!$B$8:$AF$192,31,FALSE) -> -0.35483871
A25: Apr 2026 | B25: Birendra Kr. Prasad | C25: New | D25: supervisor | E25: Lal | F25: 30 | G25: 30 | H25: 0 | I25: =VLOOKUP(B25,'[1]Wages Sheet'!$B$8:$J$192,9,FALSE) -> 11 | J25: =SUM(VLOOKUP(B25,'[1]Wages Sheet'!$B$8:$K$192,10,FALSE)+(VLOOKUP(B25,'[1]Wages Sheet'!$B$8:$L$192,11,FALSE))) -> 4 | K25: =VLOOKUP(B25,'[1]Wages Sheet'!$B$8:$O$192,14,FALSE) -> 0 | L25: =VLOOKUP(B25,'[1]Wages Sheet'!$B$8:$Q$192,16,FALSE) -> 15 | M25: =VLOOKUP(B25,'[1]Wages Sheet'!$B$8:$T$193,19,FALSE) -> 13000 | N25: =VLOOKUP(B25,'[1]Wages Sheet'!$B$8:$U$192,20,FALSE) -> 13000 | O25: =VLOOKUP(B25,'[1]Wages Sheet'!$B$8:$W$192,22,FALSE) -> 0 | P25: =VLOOKUP(B25,'[1]Wages Sheet'!$B$8:$Z$192,25,FALSE) -> 8500 | Q25: =VLOOKUP(B25,'[1]Wages Sheet'!$B$8:$AD$192,28,FALSE) -> 21500 | R25: =VLOOKUP(B25,'[1]Wages Sheet'!$B$8:$AD$192,29,FALSE) -> 21500 | S25: =VLOOKUP(B25,'[1]Wages Sheet'!$B$8:$AF$192,31,FALSE) -> 0
A26: Apr 2026 | B26: Birendra Kumar | C26: New | D26: supervisor | F26: 30 | G26: 0 | H26: 30 | I26: =VLOOKUP(B26,'[1]Wages Sheet'!$B$8:$J$192,9,FALSE) -> 0 | J26: =SUM(VLOOKUP(B26,'[1]Wages Sheet'!$B$8:$K$192,10,FALSE)+(VLOOKUP(B26,'[1]Wages Sheet'!$B$8:$L$192,11,FALSE))) -> 0 | K26: =VLOOKUP(B26,'[1]Wages Sheet'!$B$8:$O$192,14,FALSE) -> 0 | L26: =VLOOKUP(B26,'[1]Wages Sheet'!$B$8:$Q$192,16,FALSE) -> 0 | M26: =VLOOKUP(B26,'[1]Wages Sheet'!$B$8:$T$193,19,FALSE) -> 9000 | N26: =VLOOKUP(B26,'[1]Wages Sheet'!$B$8:$U$192,20,FALSE) -> 0 | O26: =VLOOKUP(B26,'[1]Wages Sheet'!$B$8:$W$192,22,FALSE) -> 21 | P26: =VLOOKUP(B26,'[1]Wages Sheet'!$B$8:$Z$192,25,FALSE) -> 0 | Q26: =VLOOKUP(B26,'[1]Wages Sheet'!$B$8:$AD$192,28,FALSE) -> -21 | R26: =VLOOKUP(B26,'[1]Wages Sheet'!$B$8:$AD$192,29,FALSE) -> 0 | S26: =VLOOKUP(B26,'[1]Wages Sheet'!$B$8:$AF$192,31,FALSE) -> -21
A27: Apr 2026 | B27: Budhan Singh | C27: New | D27: N/G | E27: Karo | F27: 30 | G27: 29 | H27: 1 | I27: =VLOOKUP(B27,'[1]Wages Sheet'!$B$8:$J$192,9,FALSE) -> 0 | J27: =SUM(VLOOKUP(B27,'[1]Wages Sheet'!$B$8:$K$192,10,FALSE)+(VLOOKUP(B27,'[1]Wages Sheet'!$B$8:$L$192,11,FALSE))) -> 0 | K27: =VLOOKUP(B27,'[1]Wages Sheet'!$B$8:$O$192,14,FALSE) -> 0 | L27: =VLOOKUP(B27,'[1]Wages Sheet'!$B$8:$Q$192,16,FALSE) -> 0 | M27: =VLOOKUP(B27,'[1]Wages Sheet'!$B$8:$T$193,19,FALSE) -> 9000 | N27: =VLOOKUP(B27,'[1]Wages Sheet'!$B$8:$U$192,20,FALSE) -> 8700 | O27: =VLOOKUP(B27,'[1]Wages Sheet'!$B$8:$W$192,22,FALSE) -> 0 | P27: =VLOOKUP(B27,'[1]Wages Sheet'!$B$8:$Z$192,25,FALSE) -> 9000.637 | Q27: =VLOOKUP(B27,'[1]Wages Sheet'!$B$8:$AD$192,28,FALSE) -> 17700.637 | R27: =VLOOKUP(B27,'[1]Wages Sheet'!$B$8:$AD$192,29,FALSE) -> 17700 | S27: =VLOOKUP(B27,'[1]Wages Sheet'!$B$8:$AF$192,31,FALSE) -> 0.63700461
A28: Apr 2026 | B28: Chandan Kr Mahto | C28: New | D28: JCB.Help | F28: 30 | G28: 0 | H28: 30 | I28: =VLOOKUP(B28,'[1]Wages Sheet'!$B$8:$J$192,9,FALSE) -> 0 | J28: =SUM(VLOOKUP(B28,'[1]Wages Sheet'!$B$8:$K$192,10,FALSE)+(VLOOKUP(B28,'[1]Wages Sheet'!$B$8:$L$192,11,FALSE))) -> 0 | K28: =VLOOKUP(B28,'[1]Wages Sheet'!$B$8:$O$192,14,FALSE) -> 0 | L28: =VLOOKUP(B28,'[1]Wages Sheet'!$B$8:$Q$192,16,FALSE) -> 0 | M28: =VLOOKUP(B28,'[1]Wages Sheet'!$B$8:$T$193,19,FALSE) -> 9500 | N28: =VLOOKUP(B28,'[1]Wages Sheet'!$B$8:$U$192,20,FALSE) -> 0 | O28: =VLOOKUP(B28,'[1]Wages Sheet'!$B$8:$W$192,22,FALSE) -> 0 | P28: =VLOOKUP(B28,'[1]Wages Sheet'!$B$8:$Z$192,25,FALSE) -> 0 | Q28: =VLOOKUP(B28,'[1]Wages Sheet'!$B$8:$AD$192,28,FALSE) -> 0 | R28: =VLOOKUP(B28,'[1]Wages Sheet'!$B$8:$AD$192,29,FALSE) -> 0 | S28: =VLOOKUP(B28,'[1]Wages Sheet'!$B$8:$AF$192,31,FALSE) -> 0
A29: Apr 2026 | B29: Choudhary Charan Mahto | C29: New | D29: T/D | F29: 30 | G29: 0 | H29: 30 | I29: =VLOOKUP(B29,'[1]Wages Sheet'!$B$8:$J$192,9,FALSE) -> 0 | J29: =SUM(VLOOKUP(B29,'[1]Wages Sheet'!$B$8:$K$192,10,FALSE)+(VLOOKUP(B29,'[1]Wages Sheet'!$B$8:$L$192,11,FALSE))) -> 0 | K29: =VLOOKUP(B29,'[1]Wages Sheet'!$B$8:$O$192,14,FALSE) -> 0 | L29: =VLOOKUP(B29,'[1]Wages Sheet'!$B$8:$Q$192,16,FALSE) -> 0 | M29: =VLOOKUP(B29,'[1]Wages Sheet'!$B$8:$T$193,19,FALSE) -> 14500 | N29: =VLOOKUP(B29,'[1]Wages Sheet'!$B$8:$U$192,20,FALSE) -> 0 | O29: =VLOOKUP(B29,'[1]Wages Sheet'!$B$8:$W$192,22,FALSE) -> 0 | P29: =VLOOKUP(B29,'[1]Wages Sheet'!$B$8:$Z$192,25,FALSE) -> 4199.9974 | Q29: =VLOOKUP(B29,'[1]Wages Sheet'!$B$8:$AD$192,28,FALSE) -> 4199.9974 | R29: =VLOOKUP(B29,'[1]Wages Sheet'!$B$8:$AD$192,29,FALSE) -> 0 | S29: =VLOOKUP(B29,'[1]Wages Sheet'!$B$8:$AF$192,31,FALSE) -> 4199.9974
A30: Apr 2026 | B30: Das Nag | C30: New | D30: H | F30: 30 | G30: 0 | H30: 30 | I30: =VLOOKUP(B30,'[1]Wages Sheet'!$B$8:$J$192,9,FALSE) -> 0 | J30: =SUM(VLOOKUP(B30,'[1]Wages Sheet'!$B$8:$K$192,10,FALSE)+(VLOOKUP(B30,'[1]Wages Sheet'!$B$8:$L$192,11,FALSE))) -> 0 | K30: =VLOOKUP(B30,'[1]Wages Sheet'!$B$8:$O$192,14,FALSE) -> 0 | L30: =VLOOKUP(B30,'[1]Wages Sheet'!$B$8:$Q$192,16,FALSE) -> 0 | M30: =VLOOKUP(B30,'[1]Wages Sheet'!$B$8:$T$193,19,FALSE) -> 9500 | N30: =VLOOKUP(B30,'[1]Wages Sheet'!$B$8:$U$192,20,FALSE) -> 0 | O30: =VLOOKUP(B30,'[1]Wages Sheet'!$B$8:$W$192,22,FALSE) -> 0 | P30: =VLOOKUP(B30,'[1]Wages Sheet'!$B$8:$Z$192,25,FALSE) -> 3.7757296 | Q30: =VLOOKUP(B30,'[1]Wages Sheet'!$B$8:$AD$192,28,FALSE) -> 3.7757296 | R30: =VLOOKUP(B30,'[1]Wages Sheet'!$B$8:$AD$192,29,FALSE) -> 0 | S30: =VLOOKUP(B30,'[1]Wages Sheet'!$B$8:$AF$192,31,FALSE) -> 3.7757296
A31: Apr 2026 | B31: Dharmendra Karmali | C31: Old | D31: H | E31: lal | F31: 30 | G31: 22 | H31: 8 | I31: =VLOOKUP(B31,'[1]Wages Sheet'!$B$8:$J$192,9,FALSE) -> -1 | J31: =SUM(VLOOKUP(B31,'[1]Wages Sheet'!$B$8:$K$192,10,FALSE)+(VLOOKUP(B31,'[1]Wages Sheet'!$B$8:$L$192,11,FALSE))) -> 3 | K31: =VLOOKUP(B31,'[1]Wages Sheet'!$B$8:$O$192,14,FALSE) -> 0 | L31: =VLOOKUP(B31,'[1]Wages Sheet'!$B$8:$Q$192,16,FALSE) -> 0 | M31: =VLOOKUP(B31,'[1]Wages Sheet'!$B$8:$T$193,19,FALSE) -> 9500 | N31: =VLOOKUP(B31,'[1]Wages Sheet'!$B$8:$U$192,20,FALSE) -> 7916.6667 | O31: =VLOOKUP(B31,'[1]Wages Sheet'!$B$8:$W$192,22,FALSE) -> 0 | P31: =VLOOKUP(B31,'[1]Wages Sheet'!$B$8:$Z$192,25,FALSE) -> 1270.1935 | Q31: =VLOOKUP(B31,'[1]Wages Sheet'!$B$8:$AD$192,28,FALSE) -> 9186.8602 | R31: =VLOOKUP(B31,'[1]Wages Sheet'!$B$8:$AD$192,29,FALSE) -> 10000 | S31: =VLOOKUP(B31,'[1]Wages Sheet'!$B$8:$AF$192,31,FALSE) -> -813.13978
A32: Apr 2026 | B32: Dharmendra Kr. Tiwari | C32: New | D32: supervisor | E32: Karo | F32: 30 | G32: 26 | H32: 4 | I32: =VLOOKUP(B32,'[1]Wages Sheet'!$B$8:$J$192,9,FALSE) -> -3.5 | J32: =SUM(VLOOKUP(B32,'[1]Wages Sheet'!$B$8:$K$192,10,FALSE)+(VLOOKUP(B32,'[1]Wages Sheet'!$B$8:$L$192,11,FALSE))) -> 4 | K32: =VLOOKUP(B32,'[1]Wages Sheet'!$B$8:$O$192,14,FALSE) -> 4 | L32: =VLOOKUP(B32,'[1]Wages Sheet'!$B$8:$Q$192,16,FALSE) -> 0 | M32: =VLOOKUP(B32,'[1]Wages Sheet'!$B$8:$T$193,19,FALSE) -> 10000 | N32: =VLOOKUP(B32,'[1]Wages Sheet'!$B$8:$U$192,20,FALSE) -> 10000 | O32: =VLOOKUP(B32,'[1]Wages Sheet'!$B$8:$W$192,22,FALSE) -> 0 | P32: =VLOOKUP(B32,'[1]Wages Sheet'!$B$8:$Z$192,25,FALSE) -> 7382.8341 | Q32: =VLOOKUP(B32,'[1]Wages Sheet'!$B$8:$AD$192,28,FALSE) -> 17382.834 | R32: =VLOOKUP(B32,'[1]Wages Sheet'!$B$8:$AD$192,29,FALSE) -> 17400 | S32: =VLOOKUP(B32,'[1]Wages Sheet'!$B$8:$AF$192,31,FALSE) -> -17.165899
A33: Apr 2026 | B33: Dharmveer Kr. | C33: New | D33: D.H | F33: 30 | G33: 0 | H33: 30 | I33: =VLOOKUP(B33,'[1]Wages Sheet'!$B$8:$J$192,9,FALSE) -> 0 | J33: =SUM(VLOOKUP(B33,'[1]Wages Sheet'!$B$8:$K$192,10,FALSE)+(VLOOKUP(B33,'[1]Wages Sheet'!$B$8:$L$192,11,FALSE))) -> 0 | K33: =VLOOKUP(B33,'[1]Wages Sheet'!$B$8:$O$192,14,FALSE) -> 0 | L33: =VLOOKUP(B33,'[1]Wages Sheet'!$B$8:$Q$192,16,FALSE) -> 0 | M33: =VLOOKUP(B33,'[1]Wages Sheet'!$B$8:$T$193,19,FALSE) -> 9000 | N33: =VLOOKUP(B33,'[1]Wages Sheet'!$B$8:$U$192,20,FALSE) -> 0 | O33: =VLOOKUP(B33,'[1]Wages Sheet'!$B$8:$W$192,22,FALSE) -> 0 | P33: =VLOOKUP(B33,'[1]Wages Sheet'!$B$8:$Z$192,25,FALSE) -> 0 | Q33: =VLOOKUP(B33,'[1]Wages Sheet'!$B$8:$AD$192,28,FALSE) -> 0 | R33: =VLOOKUP(B33,'[1]Wages Sheet'!$B$8:$AD$192,29,FALSE) -> 0 | S33: =VLOOKUP(B33,'[1]Wages Sheet'!$B$8:$AF$192,31,FALSE) -> 0
A34: Apr 2026 | B34: Dilip Yadav | C34: New | D34: Polc.Op | E34: Tori | F34: 30 | G34: 22 | H34: 8 | I34: =VLOOKUP(B34,'[1]Wages Sheet'!$B$8:$J$192,9,FALSE) -> 9 | J34: =SUM(VLOOKUP(B34,'[1]Wages Sheet'!$B$8:$K$192,10,FALSE)+(VLOOKUP(B34,'[1]Wages Sheet'!$B$8:$L$192,11,FALSE))) -> 3 | K34: =VLOOKUP(B34,'[1]Wages Sheet'!$B$8:$O$192,14,FALSE) -> 0 | L34: =VLOOKUP(B34,'[1]Wages Sheet'!$B$8:$Q$192,16,FALSE) -> 4 | M34: =VLOOKUP(B34,'[1]Wages Sheet'!$B$8:$T$193,19,FALSE) -> 17000 | N34: =VLOOKUP(B34,'[1]Wages Sheet'!$B$8:$U$192,20,FALSE) -> 17000 | O34: =VLOOKUP(B34,'[1]Wages Sheet'!$B$8:$W$192,22,FALSE) -> 0 | P34: =VLOOKUP(B34,'[1]Wages Sheet'!$B$8:$Z$192,25,FALSE) -> 0 | Q34: =VLOOKUP(B34,'[1]Wages Sheet'!$B$8:$AD$192,28,FALSE) -> 17000 | R34: =VLOOKUP(B34,'[1]Wages Sheet'!$B$8:$AD$192,29,FALSE) -> 17000 | S34: =VLOOKUP(B34,'[1]Wages Sheet'!$B$8:$AF$192,31,FALSE) -> 0
A35: Apr 2026 | B35: Ganesh Singh | C35: New | D35: N/G | E35: Karo | F35: 30 | G35: 28 | H35: 2 | I35: =VLOOKUP(B35,'[1]Wages Sheet'!$B$8:$J$192,9,FALSE) -> 0 | J35: =SUM(VLOOKUP(B35,'[1]Wages Sheet'!$B$8:$K$192,10,FALSE)+(VLOOKUP(B35,'[1]Wages Sheet'!$B$8:$L$192,11,FALSE))) -> 0 | K35: =VLOOKUP(B35,'[1]Wages Sheet'!$B$8:$O$192,14,FALSE) -> 0 | L35: =VLOOKUP(B35,'[1]Wages Sheet'!$B$8:$Q$192,16,FALSE) -> 0 | M35: =VLOOKUP(B35,'[1]Wages Sheet'!$B$8:$T$193,19,FALSE) -> 9000 | N35: =VLOOKUP(B35,'[1]Wages Sheet'!$B$8:$U$192,20,FALSE) -> 8400 | O35: =VLOOKUP(B35,'[1]Wages Sheet'!$B$8:$W$192,22,FALSE) -> 0 | P35: =VLOOKUP(B35,'[1]Wages Sheet'!$B$8:$Z$192,25,FALSE) -> 8420.4541 | Q35: =VLOOKUP(B35,'[1]Wages Sheet'!$B$8:$AD$192,28,FALSE) -> 16820.454 | R35: =VLOOKUP(B35,'[1]Wages Sheet'!$B$8:$AD$192,29,FALSE) -> 16820 | S35: =VLOOKUP(B35,'[1]Wages Sheet'!$B$8:$AF$192,31,FALSE) -> 0.45411674
A36: Apr 2026 | B36: Ghanshyam Ganjhu | C36: New | D36: T/H | F36: 30 | G36: 0 | H36: 30 | I36: =VLOOKUP(B36,'[1]Wages Sheet'!$B$8:$J$192,9,FALSE) -> 0 | J36: =SUM(VLOOKUP(B36,'[1]Wages Sheet'!$B$8:$K$192,10,FALSE)+(VLOOKUP(B36,'[1]Wages Sheet'!$B$8:$L$192,11,FALSE))) -> 0 | K36: =VLOOKUP(B36,'[1]Wages Sheet'!$B$8:$O$192,14,FALSE) -> 0 | L36: =VLOOKUP(B36,'[1]Wages Sheet'!$B$8:$Q$192,16,FALSE) -> 0 | M36: =VLOOKUP(B36,'[1]Wages Sheet'!$B$8:$T$193,19,FALSE) -> 9500 | N36: =VLOOKUP(B36,'[1]Wages Sheet'!$B$8:$U$192,20,FALSE) -> 0 | O36: =VLOOKUP(B36,'[1]Wages Sheet'!$B$8:$W$192,22,FALSE) -> 0 | P36: =VLOOKUP(B36,'[1]Wages Sheet'!$B$8:$Z$192,25,FALSE) -> 0 | Q36: =VLOOKUP(B36,'[1]Wages Sheet'!$B$8:$AD$192,28,FALSE) -> 0 | R36: =VLOOKUP(B36,'[1]Wages Sheet'!$B$8:$AD$192,29,FALSE) -> 0 | S36: =VLOOKUP(B36,'[1]Wages Sheet'!$B$8:$AF$192,31,FALSE) -> 0
A37: Apr 2026 | B37: Ghanshyam Mahto | C37: New | D37: N/G | E37: Karo | F37: 30 | G37: 28 | H37: 2 | I37: =VLOOKUP(B37,'[1]Wages Sheet'!$B$8:$J$192,9,FALSE) -> 0 | J37: =SUM(VLOOKUP(B37,'[1]Wages Sheet'!$B$8:$K$192,10,FALSE)+(VLOOKUP(B37,'[1]Wages Sheet'!$B$8:$L$192,11,FALSE))) -> 0 | K37: =VLOOKUP(B37,'[1]Wages Sheet'!$B$8:$O$192,14,FALSE) -> 0 | L37: =VLOOKUP(B37,'[1]Wages Sheet'!$B$8:$Q$192,16,FALSE) -> 0 | M37: =VLOOKUP(B37,'[1]Wages Sheet'!$B$8:$T$193,19,FALSE) -> 9000 | N37: =VLOOKUP(B37,'[1]Wages Sheet'!$B$8:$U$192,20,FALSE) -> 8400 | O37: =VLOOKUP(B37,'[1]Wages Sheet'!$B$8:$W$192,22,FALSE) -> 0 | P37: =VLOOKUP(B37,'[1]Wages Sheet'!$B$8:$Z$192,25,FALSE) -> 8128.868 | Q37: =VLOOKUP(B37,'[1]Wages Sheet'!$B$8:$AD$192,28,FALSE) -> 16528.868 | R37: =VLOOKUP(B37,'[1]Wages Sheet'!$B$8:$AD$192,29,FALSE) -> 16530 | S37: =VLOOKUP(B37,'[1]Wages Sheet'!$B$8:$AF$192,31,FALSE) -> -1.1320123
A38: Apr 2026 | B38: Ghanshyam Singh | C38: New | D38: D/OP | E38: Karo | F38: 30 | G38: 27 | H38: 3 | I38: =VLOOKUP(B38,'[1]Wages Sheet'!$B$8:$J$192,9,FALSE) -> -1 | J38: =SUM(VLOOKUP(B38,'[1]Wages Sheet'!$B$8:$K$192,10,FALSE)+(VLOOKUP(B38,'[1]Wages Sheet'!$B$8:$L$192,11,FALSE))) -> 4 | K38: =VLOOKUP(B38,'[1]Wages Sheet'!$B$8:$O$192,14,FALSE) -> 3 | L38: =VLOOKUP(B38,'[1]Wages Sheet'!$B$8:$Q$192,16,FALSE) -> 1 | M38: =VLOOKUP(B38,'[1]Wages Sheet'!$B$8:$T$193,19,FALSE) -> 17000 | N38: =VLOOKUP(B38,'[1]Wages Sheet'!$B$8:$U$192,20,FALSE) -> 17000 | O38: =VLOOKUP(B38,'[1]Wages Sheet'!$B$8:$W$192,22,FALSE) -> 0 | P38: =VLOOKUP(B38,'[1]Wages Sheet'!$B$8:$Z$192,25,FALSE) -> 12999.677 | Q38: =VLOOKUP(B38,'[1]Wages Sheet'!$B$8:$AD$192,28,FALSE) -> 29999.677 | R38: =VLOOKUP(B38,'[1]Wages Sheet'!$B$8:$AD$192,29,FALSE) -> 30000 | S38: =VLOOKUP(B38,'[1]Wages Sheet'!$B$8:$AF$192,31,FALSE) -> -0.32258065
A39: Apr 2026 | B39: Gopal Mahto | C39: Old | D39: WELDER | E39: Karo/Tori | F39: 30 | G39: 24 | H39: 6 | I39: =VLOOKUP(B39,'[1]Wages Sheet'!$B$8:$J$192,9,FALSE) -> -7 | J39: =SUM(VLOOKUP(B39,'[1]Wages Sheet'!$B$8:$K$192,10,FALSE)+(VLOOKUP(B39,'[1]Wages Sheet'!$B$8:$L$192,11,FALSE))) -> 6 | K39: =VLOOKUP(B39,'[1]Wages Sheet'!$B$8:$O$192,14,FALSE) -> 6 | L39: =VLOOKUP(B39,'[1]Wages Sheet'!$B$8:$Q$192,16,FALSE) -> 0 | M39: =VLOOKUP(B39,'[1]Wages Sheet'!$B$8:$T$193,19,FALSE) -> 17000 | N39: =VLOOKUP(B39,'[1]Wages Sheet'!$B$8:$U$192,20,FALSE) -> 17000 | O39: =VLOOKUP(B39,'[1]Wages Sheet'!$B$8:$W$192,22,FALSE) -> 24000 | P39: =VLOOKUP(B39,'[1]Wages Sheet'!$B$8:$Z$192,25,FALSE) -> 0 | Q39: =VLOOKUP(B39,'[1]Wages Sheet'!$B$8:$AD$192,28,FALSE) -> -7000 | R39: =VLOOKUP(B39,'[1]Wages Sheet'!$B$8:$AD$192,29,FALSE) -> 10000 | S39: =VLOOKUP(B39,'[1]Wages Sheet'!$B$8:$AF$192,31,FALSE) -> -17000
A40: Apr 2026 | B40: Gopesh Kumar | C40: New | D40: ENGG. | F40: 30 | G40: 0 | H40: 30 | I40: =VLOOKUP(B40,'[1]Wages Sheet'!$B$8:$J$192,9,FALSE) -> 0 | J40: =SUM(VLOOKUP(B40,'[1]Wages Sheet'!$B$8:$K$192,10,FALSE)+(VLOOKUP(B40,'[1]Wages Sheet'!$B$8:$L$192,11,FALSE))) -> 0 | K40: =VLOOKUP(B40,'[1]Wages Sheet'!$B$8:$O$192,14,FALSE) -> 0 | L40: =VLOOKUP(B40,'[1]Wages Sheet'!$B$8:$Q$192,16,FALSE) -> 0 | M40: =VLOOKUP(B40,'[1]Wages Sheet'!$B$8:$T$193,19,FALSE) -> 37000 | N40: =VLOOKUP(B40,'[1]Wages Sheet'!$B$8:$U$192,20,FALSE) -> 0 | O40: =VLOOKUP(B40,'[1]Wages Sheet'!$B$8:$W$192,22,FALSE) -> 0 | P40: =VLOOKUP(B40,'[1]Wages Sheet'!$B$8:$Z$192,25,FALSE) -> 0 | Q40: =VLOOKUP(B40,'[1]Wages Sheet'!$B$8:$AD$192,28,FALSE) -> 0 | R40: =VLOOKUP(B40,'[1]Wages Sheet'!$B$8:$AD$192,29,FALSE) -> 0 | S40: =VLOOKUP(B40,'[1]Wages Sheet'!$B$8:$AF$192,31,FALSE) -> 0
A41: Apr 2026 | B41: Govind Pandit | C41: Old | D41: T. FOREMAN | E41: Karo | F41: 30 | G41: 28 | H41: 2 | I41: =VLOOKUP(B41,'[1]Wages Sheet'!$B$8:$J$192,9,FALSE) -> 5 | J41: =SUM(VLOOKUP(B41,'[1]Wages Sheet'!$B$8:$K$192,10,FALSE)+(VLOOKUP(B41,'[1]Wages Sheet'!$B$8:$L$192,11,FALSE))) -> 4 | K41: =VLOOKUP(B41,'[1]Wages Sheet'!$B$8:$O$192,14,FALSE) -> 2 | L41: =VLOOKUP(B41,'[1]Wages Sheet'!$B$8:$Q$192,16,FALSE) -> 7 | M41: =VLOOKUP(B41,'[1]Wages Sheet'!$B$8:$T$193,19,FALSE) -> 18000 | N41: =VLOOKUP(B41,'[1]Wages Sheet'!$B$8:$U$192,20,FALSE) -> 18000 | O41: =VLOOKUP(B41,'[1]Wages Sheet'!$B$8:$W$192,22,FALSE) -> 0 | P41: =VLOOKUP(B41,'[1]Wages Sheet'!$B$8:$Z$192,25,FALSE) -> 18000 | Q41: =VLOOKUP(B41,'[1]Wages Sheet'!$B$8:$AD$192,28,FALSE) -> 36000 | R41: =VLOOKUP(B41,'[1]Wages Sheet'!$B$8:$AD$192,29,FALSE) -> 36000 | S41: =VLOOKUP(B41,'[1]Wages Sheet'!$B$8:$AF$192,31,FALSE) -> 0
A42: Apr 2026 | B42: Haraklal Mahto | C42: New | D42: N/G | F42: 30 | G42: 0 | H42: 30 | I42: =VLOOKUP(B42,'[1]Wages Sheet'!$B$8:$J$192,9,FALSE) -> 0 | J42: =SUM(VLOOKUP(B42,'[1]Wages Sheet'!$B$8:$K$192,10,FALSE)+(VLOOKUP(B42,'[1]Wages Sheet'!$B$8:$L$192,11,FALSE))) -> 0 | K42: =VLOOKUP(B42,'[1]Wages Sheet'!$B$8:$O$192,14,FALSE) -> 0 | L42: =VLOOKUP(B42,'[1]Wages Sheet'!$B$8:$Q$192,16,FALSE) -> 0 | M42: =VLOOKUP(B42,'[1]Wages Sheet'!$B$8:$T$193,19,FALSE) -> 11850 | N42: =VLOOKUP(B42,'[1]Wages Sheet'!$B$8:$U$192,20,FALSE) -> 0 | O42: =VLOOKUP(B42,'[1]Wages Sheet'!$B$8:$W$192,22,FALSE) -> 0 | P42: =VLOOKUP(B42,'[1]Wages Sheet'!$B$8:$Z$192,25,FALSE) -> 0 | Q42: =VLOOKUP(B42,'[1]Wages Sheet'!$B$8:$AD$192,28,FALSE) -> 0 | R42: =VLOOKUP(B42,'[1]Wages Sheet'!$B$8:$AD$192,29,FALSE) -> 0 | S42: =VLOOKUP(B42,'[1]Wages Sheet'!$B$8:$AF$192,31,FALSE) -> 0
A43: Apr 2026 | B43: Hari Charan Mahto | C43: Old | D43: supervisor | E43: Tori | F43: 30 | G43: 28 | H43: 2 | I43: =VLOOKUP(B43,'[1]Wages Sheet'!$B$8:$J$192,9,FALSE) -> -4 | J43: =SUM(VLOOKUP(B43,'[1]Wages Sheet'!$B$8:$K$192,10,FALSE)+(VLOOKUP(B43,'[1]Wages Sheet'!$B$8:$L$192,11,FALSE))) -> 4 | K43: =VLOOKUP(B43,'[1]Wages Sheet'!$B$8:$O$192,14,FALSE) -> 0 | L43: =VLOOKUP(B43,'[1]Wages Sheet'!$B$8:$Q$192,16,FALSE) -> 2 | M43: =VLOOKUP(B43,'[1]Wages Sheet'!$B$8:$T$193,19,FALSE) -> 14000 | N43: =VLOOKUP(B43,'[1]Wages Sheet'!$B$8:$U$192,20,FALSE) -> 14000 | O43: =VLOOKUP(B43,'[1]Wages Sheet'!$B$8:$W$192,22,FALSE) -> 6000 | P43: =VLOOKUP(B43,'[1]Wages Sheet'!$B$8:$Z$192,25,FALSE) -> 0 | Q43: =VLOOKUP(B43,'[1]Wages Sheet'!$B$8:$AD$192,28,FALSE) -> 8000 | R43: =VLOOKUP(B43,'[1]Wages Sheet'!$B$8:$AD$192,29,FALSE) -> 0 | S43: =VLOOKUP(B43,'[1]Wages Sheet'!$B$8:$AF$192,31,FALSE) -> 8000
A44: Apr 2026 | B44: Herman Ekka | C44: New | D44: COOK | F44: 30 | G44: 0 | H44: 30 | I44: =VLOOKUP(B44,'[1]Wages Sheet'!$B$8:$J$192,9,FALSE) -> 0 | J44: =SUM(VLOOKUP(B44,'[1]Wages Sheet'!$B$8:$K$192,10,FALSE)+(VLOOKUP(B44,'[1]Wages Sheet'!$B$8:$L$192,11,FALSE))) -> 0 | K44: =VLOOKUP(B44,'[1]Wages Sheet'!$B$8:$O$192,14,FALSE) -> 0 | L44: =VLOOKUP(B44,'[1]Wages Sheet'!$B$8:$Q$192,16,FALSE) -> 0 | M44: =VLOOKUP(B44,'[1]Wages Sheet'!$B$8:$T$193,19,FALSE) -> 11000 | N44: =VLOOKUP(B44,'[1]Wages Sheet'!$B$8:$U$192,20,FALSE) -> 0 | O44: =VLOOKUP(B44,'[1]Wages Sheet'!$B$8:$W$192,22,FALSE) -> 0 | P44: =VLOOKUP(B44,'[1]Wages Sheet'!$B$8:$Z$192,25,FALSE) -> 0.33333333 | Q44: =VLOOKUP(B44,'[1]Wages Sheet'!$B$8:$AD$192,28,FALSE) -> 0.33333333 | R44: =VLOOKUP(B44,'[1]Wages Sheet'!$B$8:$AD$192,29,FALSE) -> 0 | S44: =VLOOKUP(B44,'[1]Wages Sheet'!$B$8:$AF$192,31,FALSE) -> 0.33333333
A45: Apr 2026 | B45: Himanshu Kumar | C45: New | D45: ENGG. | F45: 30 | G45: 0 | H45: 30 | I45: =VLOOKUP(B45,'[1]Wages Sheet'!$B$8:$J$192,9,FALSE) -> 0 | J45: =SUM(VLOOKUP(B45,'[1]Wages Sheet'!$B$8:$K$192,10,FALSE)+(VLOOKUP(B45,'[1]Wages Sheet'!$B$8:$L$192,11,FALSE))) -> 0 | K45: =VLOOKUP(B45,'[1]Wages Sheet'!$B$8:$O$192,14,FALSE) -> 0 | L45: =VLOOKUP(B45,'[1]Wages Sheet'!$B$8:$Q$192,16,FALSE) -> 0 | M45: =VLOOKUP(B45,'[1]Wages Sheet'!$B$8:$T$193,19,FALSE) -> 30000 | N45: =VLOOKUP(B45,'[1]Wages Sheet'!$B$8:$U$192,20,FALSE) -> 0 | O45: =VLOOKUP(B45,'[1]Wages Sheet'!$B$8:$W$192,22,FALSE) -> 0 | P45: =VLOOKUP(B45,'[1]Wages Sheet'!$B$8:$Z$192,25,FALSE) -> 0 | Q45: =VLOOKUP(B45,'[1]Wages Sheet'!$B$8:$AD$192,28,FALSE) -> 0 | R45: =VLOOKUP(B45,'[1]Wages Sheet'!$B$8:$AD$192,29,FALSE) -> 0 | S45: =VLOOKUP(B45,'[1]Wages Sheet'!$B$8:$AF$192,31,FALSE) -> 0
A46: Apr 2026 | B46: Inderdeo Yadav | C46: Old | D46: Polc.Op | E46: Karo/ tori | F46: 30 | G46: 22 | H46: 8 | I46: =VLOOKUP(B46,'[1]Wages Sheet'!$B$8:$J$192,9,FALSE) -> -4 | J46: =SUM(VLOOKUP(B46,'[1]Wages Sheet'!$B$8:$K$192,10,FALSE)+(VLOOKUP(B46,'[1]Wages Sheet'!$B$8:$L$192,11,FALSE))) -> 5 | K46: =VLOOKUP(B46,'[1]Wages Sheet'!$B$8:$O$192,14,FALSE) -> 5 | L46: =VLOOKUP(B46,'[1]Wages Sheet'!$B$8:$Q$192,16,FALSE) -> 0 | M46: =VLOOKUP(B46,'[1]Wages Sheet'!$B$8:$T$193,19,FALSE) -> 19500 | N46: =VLOOKUP(B46,'[1]Wages Sheet'!$B$8:$U$192,20,FALSE) -> 17550 | O46: =VLOOKUP(B46,'[1]Wages Sheet'!$B$8:$W$192,22,FALSE) -> 18243.908 | P46: =VLOOKUP(B46,'[1]Wages Sheet'!$B$8:$Z$192,25,FALSE) -> 0 | Q46: =VLOOKUP(B46,'[1]Wages Sheet'!$B$8:$AD$192,28,FALSE) -> -693.90783 | R46: =VLOOKUP(B46,'[1]Wages Sheet'!$B$8:$AD$192,29,FALSE) -> 0 | S46: =VLOOKUP(B46,'[1]Wages Sheet'!$B$8:$AF$192,31,FALSE) -> -693.90783
A47: Apr 2026 | B47: Irshad Ali | C47: New | D47: Store Incharge | F47: 30 | G47: 0 | H47: 30 | I47: =VLOOKUP(B47,'[1]Wages Sheet'!$B$8:$J$192,9,FALSE) -> 0 | J47: =SUM(VLOOKUP(B47,'[1]Wages Sheet'!$B$8:$K$192,10,FALSE)+(VLOOKUP(B47,'[1]Wages Sheet'!$B$8:$L$192,11,FALSE))) -> 0 | K47: =VLOOKUP(B47,'[1]Wages Sheet'!$B$8:$O$192,14,FALSE) -> 0 | L47: =VLOOKUP(B47,'[1]Wages Sheet'!$B$8:$Q$192,16,FALSE) -> 0 | M47: =VLOOKUP(B47,'[1]Wages Sheet'!$B$8:$T$193,19,FALSE) -> 11000 | N47: =VLOOKUP(B47,'[1]Wages Sheet'!$B$8:$U$192,20,FALSE) -> 0 | O47: =VLOOKUP(B47,'[1]Wages Sheet'!$B$8:$W$192,22,FALSE) -> 0 | P47: =VLOOKUP(B47,'[1]Wages Sheet'!$B$8:$Z$192,25,FALSE) -> 12832.333 | Q47: =VLOOKUP(B47,'[1]Wages Sheet'!$B$8:$AD$192,28,FALSE) -> 12832.333 | R47: =VLOOKUP(B47,'[1]Wages Sheet'!$B$8:$AD$192,29,FALSE) -> 0 | S47: =VLOOKUP(B47,'[1]Wages Sheet'!$B$8:$AF$192,31,FALSE) -> 12832.333
A48: Apr 2026 | B48: Jagdish Mandal | C48: New | D48: BOLERO DR. | F48: 30 | G48: 0 | H48: 30 | I48: =VLOOKUP(B48,'[1]Wages Sheet'!$B$8:$J$192,9,FALSE) -> 0 | J48: =SUM(VLOOKUP(B48,'[1]Wages Sheet'!$B$8:$K$192,10,FALSE)+(VLOOKUP(B48,'[1]Wages Sheet'!$B$8:$L$192,11,FALSE))) -> 0 | K48: =VLOOKUP(B48,'[1]Wages Sheet'!$B$8:$O$192,14,FALSE) -> 0 | L48: =VLOOKUP(B48,'[1]Wages Sheet'!$B$8:$Q$192,16,FALSE) -> 0 | M48: =VLOOKUP(B48,'[1]Wages Sheet'!$B$8:$T$193,19,FALSE) -> 11000 | N48: =VLOOKUP(B48,'[1]Wages Sheet'!$B$8:$U$192,20,FALSE) -> 0 | O48: =VLOOKUP(B48,'[1]Wages Sheet'!$B$8:$W$192,22,FALSE) -> 0 | P48: =VLOOKUP(B48,'[1]Wages Sheet'!$B$8:$Z$192,25,FALSE) -> 13.978495 | Q48: =VLOOKUP(B48,'[1]Wages Sheet'!$B$8:$AD$192,28,FALSE) -> 13.978495 | R48: =VLOOKUP(B48,'[1]Wages Sheet'!$B$8:$AD$192,29,FALSE) -> 0 | S48: =VLOOKUP(B48,'[1]Wages Sheet'!$B$8:$AF$192,31,FALSE) -> 13.978495
A49: Apr 2026 | B49: Jageshwar Yadav (Jago) | C49: Old | D49: Polc.Op | E49: Karo/lal | F49: 30 | G49: 25 | H49: 5 | I49: =VLOOKUP(B49,'[1]Wages Sheet'!$B$8:$J$192,9,FALSE) -> -4 | J49: =SUM(VLOOKUP(B49,'[1]Wages Sheet'!$B$8:$K$192,10,FALSE)+(VLOOKUP(B49,'[1]Wages Sheet'!$B$8:$L$192,11,FALSE))) -> 4 | K49: =VLOOKUP(B49,'[1]Wages Sheet'!$B$8:$O$192,14,FALSE) -> 4 | L49: =VLOOKUP(B49,'[1]Wages Sheet'!$B$8:$Q$192,16,FALSE) -> 0 | M49: =VLOOKUP(B49,'[1]Wages Sheet'!$B$8:$T$193,19,FALSE) -> 19000 | N49: =VLOOKUP(B49,'[1]Wages Sheet'!$B$8:$U$192,20,FALSE) -> 18366.667 | O49: =VLOOKUP(B49,'[1]Wages Sheet'!$B$8:$W$192,22,FALSE) -> 0 | P49: =VLOOKUP(B49,'[1]Wages Sheet'!$B$8:$Z$192,25,FALSE) -> 15551.925 | Q49: =VLOOKUP(B49,'[1]Wages Sheet'!$B$8:$AD$192,28,FALSE) -> 33918.591 | R49: =VLOOKUP(B49,'[1]Wages Sheet'!$B$8:$AD$192,29,FALSE) -> 33920 | S49: =VLOOKUP(B49,'[1]Wages Sheet'!$B$8:$AF$192,31,FALSE) -> -1.4086022
A50: Apr 2026 | B50: Japit Ganjhu | C50: New | D50: H | F50: 30 | G50: 0 | H50: 30 | I50: =VLOOKUP(B50,'[1]Wages Sheet'!$B$8:$J$192,9,FALSE) -> 0 | J50: =SUM(VLOOKUP(B50,'[1]Wages Sheet'!$B$8:$K$192,10,FALSE)+(VLOOKUP(B50,'[1]Wages Sheet'!$B$8:$L$192,11,FALSE))) -> 0 | K50: =VLOOKUP(B50,'[1]Wages Sheet'!$B$8:$O$192,14,FALSE) -> 0 | L50: =VLOOKUP(B50,'[1]Wages Sheet'!$B$8:$Q$192,16,FALSE) -> 0 | M50: =VLOOKUP(B50,'[1]Wages Sheet'!$B$8:$T$193,19,FALSE) -> 9500 | N50: =VLOOKUP(B50,'[1]Wages Sheet'!$B$8:$U$192,20,FALSE) -> 0 | O50: =VLOOKUP(B50,'[1]Wages Sheet'!$B$8:$W$192,22,FALSE) -> 0 | P50: =VLOOKUP(B50,'[1]Wages Sheet'!$B$8:$Z$192,25,FALSE) -> 0 | Q50: =VLOOKUP(B50,'[1]Wages Sheet'!$B$8:$AD$192,28,FALSE) -> 0 | R50: =VLOOKUP(B50,'[1]Wages Sheet'!$B$8:$AD$192,29,FALSE) -> 0 | S50: =VLOOKUP(B50,'[1]Wages Sheet'!$B$8:$AF$192,31,FALSE) -> 0
A51: Apr 2026 | B51: Jitendra Karmali (Jeetu) | C51: Old | D51: supervisor | E51: Lal | F51: 30 | G51: 26 | H51: 4 | I51: =VLOOKUP(B51,'[1]Wages Sheet'!$B$8:$J$192,9,FALSE) -> 4 | J51: =SUM(VLOOKUP(B51,'[1]Wages Sheet'!$B$8:$K$192,10,FALSE)+(VLOOKUP(B51,'[1]Wages Sheet'!$B$8:$L$192,11,FALSE))) -> 4 | K51: =VLOOKUP(B51,'[1]Wages Sheet'!$B$8:$O$192,14,FALSE) -> 0 | L51: =VLOOKUP(B51,'[1]Wages Sheet'!$B$8:$Q$192,16,FALSE) -> 4 | M51: =VLOOKUP(B51,'[1]Wages Sheet'!$B$8:$T$193,19,FALSE) -> 14000 | N51: =VLOOKUP(B51,'[1]Wages Sheet'!$B$8:$U$192,20,FALSE) -> 14000 | O51: =VLOOKUP(B51,'[1]Wages Sheet'!$B$8:$W$192,22,FALSE) -> 0 | P51: =VLOOKUP(B51,'[1]Wages Sheet'!$B$8:$Z$192,25,FALSE) -> 9599.6667 | Q51: =VLOOKUP(B51,'[1]Wages Sheet'!$B$8:$AD$192,28,FALSE) -> 23599.667 | R51: =VLOOKUP(B51,'[1]Wages Sheet'!$B$8:$AD$192,29,FALSE) -> 23600 | S51: =VLOOKUP(B51,'[1]Wages Sheet'!$B$8:$AF$192,31,FALSE) -> -0.33333333
A52: Apr 2026 | B52: Jitendra Mahto | C52: New | D52: N/G | E52: Karo | F52: 30 | G52: 28 | H52: 2 | I52: =VLOOKUP(B52,'[1]Wages Sheet'!$B$8:$J$192,9,FALSE) -> 0 | J52: =SUM(VLOOKUP(B52,'[1]Wages Sheet'!$B$8:$K$192,10,FALSE)+(VLOOKUP(B52,'[1]Wages Sheet'!$B$8:$L$192,11,FALSE))) -> 0 | K52: =VLOOKUP(B52,'[1]Wages Sheet'!$B$8:$O$192,14,FALSE) -> 0 | L52: =VLOOKUP(B52,'[1]Wages Sheet'!$B$8:$Q$192,16,FALSE) -> 0 | M52: =VLOOKUP(B52,'[1]Wages Sheet'!$B$8:$T$193,19,FALSE) -> 9000 | N52: =VLOOKUP(B52,'[1]Wages Sheet'!$B$8:$U$192,20,FALSE) -> 8400 | O52: =VLOOKUP(B52,'[1]Wages Sheet'!$B$8:$W$192,22,FALSE) -> 0 | P52: =VLOOKUP(B52,'[1]Wages Sheet'!$B$8:$Z$192,25,FALSE) -> 9000.3134 | Q52: =VLOOKUP(B52,'[1]Wages Sheet'!$B$8:$AD$192,28,FALSE) -> 17400.313 | R52: =VLOOKUP(B52,'[1]Wages Sheet'!$B$8:$AD$192,29,FALSE) -> 17401 | S52: =VLOOKUP(B52,'[1]Wages Sheet'!$B$8:$AF$192,31,FALSE) -> -0.68663594
A53: Apr 2026 | B53: Jitendra Singh | C53: New | D53: T/D | F53: 30 | G53: 0 | H53: 30 | I53: =VLOOKUP(B53,'[1]Wages Sheet'!$B$8:$J$192,9,FALSE) -> 0 | J53: =SUM(VLOOKUP(B53,'[1]Wages Sheet'!$B$8:$K$192,10,FALSE)+(VLOOKUP(B53,'[1]Wages Sheet'!$B$8:$L$192,11,FALSE))) -> 0 | K53: =VLOOKUP(B53,'[1]Wages Sheet'!$B$8:$O$192,14,FALSE) -> 0 | L53: =VLOOKUP(B53,'[1]Wages Sheet'!$B$8:$Q$192,16,FALSE) -> 0 | M53: =VLOOKUP(B53,'[1]Wages Sheet'!$B$8:$T$193,19,FALSE) -> 16000 | N53: =VLOOKUP(B53,'[1]Wages Sheet'!$B$8:$U$192,20,FALSE) -> 0 | O53: =VLOOKUP(B53,'[1]Wages Sheet'!$B$8:$W$192,22,FALSE) -> 0 | P53: =VLOOKUP(B53,'[1]Wages Sheet'!$B$8:$Z$192,25,FALSE) -> 0 | Q53: =VLOOKUP(B53,'[1]Wages Sheet'!$B$8:$AD$192,28,FALSE) -> 0 | R53: =VLOOKUP(B53,'[1]Wages Sheet'!$B$8:$AD$192,29,FALSE) -> 0 | S53: =VLOOKUP(B53,'[1]Wages Sheet'!$B$8:$AF$192,31,FALSE) -> 0
A54: Apr 2026 | B54: Kailash Karmali (Mamta Devi) | C54: Old | D54: OP | E54: Karo/tori | F54: 30 | G54: 25 | H54: 5 | I54: =VLOOKUP(B54,'[1]Wages Sheet'!$B$8:$J$192,9,FALSE) -> 3 | J54: =SUM(VLOOKUP(B54,'[1]Wages Sheet'!$B$8:$K$192,10,FALSE)+(VLOOKUP(B54,'[1]Wages Sheet'!$B$8:$L$192,11,FALSE))) -> 4 | K54: =VLOOKUP(B54,'[1]Wages Sheet'!$B$8:$O$192,14,FALSE) -> 5 | L54: =VLOOKUP(B54,'[1]Wages Sheet'!$B$8:$Q$192,16,FALSE) -> 2 | M54: =VLOOKUP(B54,'[1]Wages Sheet'!$B$8:$T$193,19,FALSE) -> 16000 | N54: =VLOOKUP(B54,'[1]Wages Sheet'!$B$8:$U$192,20,FALSE) -> 16000 | O54: =VLOOKUP(B54,'[1]Wages Sheet'!$B$8:$W$192,22,FALSE) -> 0 | P54: =VLOOKUP(B54,'[1]Wages Sheet'!$B$8:$Z$192,25,FALSE) -> 1.8189894e-12 | Q54: =VLOOKUP(B54,'[1]Wages Sheet'!$B$8:$AD$192,28,FALSE) -> 16000 | R54: =VLOOKUP(B54,'[1]Wages Sheet'!$B$8:$AD$192,29,FALSE) -> 19000 | S54: =VLOOKUP(B54,'[1]Wages Sheet'!$B$8:$AF$192,31,FALSE) -> -3000
A55: Apr 2026 | B55: Kamlesh Kumar | C55: Old | D55: T/D | E55: Lal | F55: 30 | G55: 17 | H55: 13 | I55: =VLOOKUP(B55,'[1]Wages Sheet'!$B$8:$J$192,9,FALSE) -> 1 | J55: =SUM(VLOOKUP(B55,'[1]Wages Sheet'!$B$8:$K$192,10,FALSE)+(VLOOKUP(B55,'[1]Wages Sheet'!$B$8:$L$192,11,FALSE))) -> 2 | K55: =VLOOKUP(B55,'[1]Wages Sheet'!$B$8:$O$192,14,FALSE) -> 0 | L55: =VLOOKUP(B55,'[1]Wages Sheet'!$B$8:$Q$192,16,FALSE) -> 0 | M55: =VLOOKUP(B55,'[1]Wages Sheet'!$B$8:$T$193,19,FALSE) -> 16000 | N55: =VLOOKUP(B55,'[1]Wages Sheet'!$B$8:$U$192,20,FALSE) -> 10666.667 | O55: =VLOOKUP(B55,'[1]Wages Sheet'!$B$8:$W$192,22,FALSE) -> 0 | P55: =VLOOKUP(B55,'[1]Wages Sheet'!$B$8:$Z$192,25,FALSE) -> 15290.323 | Q55: =VLOOKUP(B55,'[1]Wages Sheet'!$B$8:$AD$192,28,FALSE) -> 25956.989 | R55: =VLOOKUP(B55,'[1]Wages Sheet'!$B$8:$AD$192,29,FALSE) -> 26000 | S55: =VLOOKUP(B55,'[1]Wages Sheet'!$B$8:$AF$192,31,FALSE) -> -43.010753
A56: Apr 2026 | B56: Karan Karmali | C56: New | D56: Polc. H | E56: Karo | F56: 30 | G56: 27 | H56: 3 | I56: =VLOOKUP(B56,'[1]Wages Sheet'!$B$8:$J$192,9,FALSE) -> -2 | J56: =SUM(VLOOKUP(B56,'[1]Wages Sheet'!$B$8:$K$192,10,FALSE)+(VLOOKUP(B56,'[1]Wages Sheet'!$B$8:$L$192,11,FALSE))) -> 4 | K56: =VLOOKUP(B56,'[1]Wages Sheet'!$B$8:$O$192,14,FALSE) -> 3 | L56: =VLOOKUP(B56,'[1]Wages Sheet'!$B$8:$Q$192,16,FALSE) -> 1 | M56: =VLOOKUP(B56,'[1]Wages Sheet'!$B$8:$T$193,19,FALSE) -> 9500 | N56: =VLOOKUP(B56,'[1]Wages Sheet'!$B$8:$U$192,20,FALSE) -> 9500 | O56: =VLOOKUP(B56,'[1]Wages Sheet'!$B$8:$W$192,22,FALSE) -> 0 | P56: =VLOOKUP(B56,'[1]Wages Sheet'!$B$8:$Z$192,25,FALSE) -> 7661.043 | Q56: =VLOOKUP(B56,'[1]Wages Sheet'!$B$8:$AD$192,28,FALSE) -> 17161.043 | R56: =VLOOKUP(B56,'[1]Wages Sheet'!$B$8:$AD$192,29,FALSE) -> 17161 | S56: =VLOOKUP(B56,'[1]Wages Sheet'!$B$8:$AF$192,31,FALSE) -> 0.043010753
A57: Apr 2026 | B57: Kartik Mahto (Loha Singh) | C57: New | D57: T/D | E57: Karo/tori/lal | F57: 30 | G57: 27 | H57: 3 | I57: =VLOOKUP(B57,'[1]Wages Sheet'!$B$8:$J$192,9,FALSE) -> -3 | J57: =SUM(VLOOKUP(B57,'[1]Wages Sheet'!$B$8:$K$192,10,FALSE)+(VLOOKUP(B57,'[1]Wages Sheet'!$B$8:$L$192,11,FALSE))) -> 4 | K57: =VLOOKUP(B57,'[1]Wages Sheet'!$B$8:$O$192,14,FALSE) -> 3 | L57: =VLOOKUP(B57,'[1]Wages Sheet'!$B$8:$Q$192,16,FALSE) -> 1 | M57: =VLOOKUP(B57,'[1]Wages Sheet'!$B$8:$T$193,19,FALSE) -> 16000 | N57: =VLOOKUP(B57,'[1]Wages Sheet'!$B$8:$U$192,20,FALSE) -> 16000 | O57: =VLOOKUP(B57,'[1]Wages Sheet'!$B$8:$W$192,22,FALSE) -> 0 | P57: =VLOOKUP(B57,'[1]Wages Sheet'!$B$8:$Z$192,25,FALSE) -> 14983.871 | Q57: =VLOOKUP(B57,'[1]Wages Sheet'!$B$8:$AD$192,28,FALSE) -> 30983.871 | R57: =VLOOKUP(B57,'[1]Wages Sheet'!$B$8:$AD$192,29,FALSE) -> 31000 | S57: =VLOOKUP(B57,'[1]Wages Sheet'!$B$8:$AF$192,31,FALSE) -> -16.129032
A58: Apr 2026 | B58: Kartik Majee | C58: New | D58: SURVEYOR | F58: 30 | G58: 0 | H58: 30 | I58: =VLOOKUP(B58,'[1]Wages Sheet'!$B$8:$J$192,9,FALSE) -> 0 | J58: =SUM(VLOOKUP(B58,'[1]Wages Sheet'!$B$8:$K$192,10,FALSE)+(VLOOKUP(B58,'[1]Wages Sheet'!$B$8:$L$192,11,FALSE))) -> 0 | K58: =VLOOKUP(B58,'[1]Wages Sheet'!$B$8:$O$192,14,FALSE) -> 0 | L58: =VLOOKUP(B58,'[1]Wages Sheet'!$B$8:$Q$192,16,FALSE) -> 0 | M58: =VLOOKUP(B58,'[1]Wages Sheet'!$B$8:$T$193,19,FALSE) -> 17000 | N58: =VLOOKUP(B58,'[1]Wages Sheet'!$B$8:$U$192,20,FALSE) -> 0 | O58: =VLOOKUP(B58,'[1]Wages Sheet'!$B$8:$W$192,22,FALSE) -> 0 | P58: =VLOOKUP(B58,'[1]Wages Sheet'!$B$8:$Z$192,25,FALSE) -> 5009.0968 | Q58: =VLOOKUP(B58,'[1]Wages Sheet'!$B$8:$AD$192,28,FALSE) -> 5009.0968 | R58: =VLOOKUP(B58,'[1]Wages Sheet'!$B$8:$AD$192,29,FALSE) -> 0 | S58: =VLOOKUP(B58,'[1]Wages Sheet'!$B$8:$AF$192,31,FALSE) -> 5009.0968
A59: Apr 2026 | B59: Kartik Soren | C59: New | D59: T/D | F59: 30 | G59: 0 | H59: 30 | I59: =VLOOKUP(B59,'[1]Wages Sheet'!$B$8:$J$192,9,FALSE) -> 0 | J59: =SUM(VLOOKUP(B59,'[1]Wages Sheet'!$B$8:$K$192,10,FALSE)+(VLOOKUP(B59,'[1]Wages Sheet'!$B$8:$L$192,11,FALSE))) -> 0 | K59: =VLOOKUP(B59,'[1]Wages Sheet'!$B$8:$O$192,14,FALSE) -> 0 | L59: =VLOOKUP(B59,'[1]Wages Sheet'!$B$8:$Q$192,16,FALSE) -> 0 | M59: =VLOOKUP(B59,'[1]Wages Sheet'!$B$8:$T$193,19,FALSE) -> 16000 | N59: =VLOOKUP(B59,'[1]Wages Sheet'!$B$8:$U$192,20,FALSE) -> 0 | O59: =VLOOKUP(B59,'[1]Wages Sheet'!$B$8:$W$192,22,FALSE) -> 0 | P59: =VLOOKUP(B59,'[1]Wages Sheet'!$B$8:$Z$192,25,FALSE) -> 10667.282 | Q59: =VLOOKUP(B59,'[1]Wages Sheet'!$B$8:$AD$192,28,FALSE) -> 10667.282 | R59: =VLOOKUP(B59,'[1]Wages Sheet'!$B$8:$AD$192,29,FALSE) -> 500 | S59: =VLOOKUP(B59,'[1]Wages Sheet'!$B$8:$AF$192,31,FALSE) -> 10167.282
A60: Apr 2026 | B60: Kaushlendra Kr. Pathak (Bablu Pathak) | C60: Old | D60: supervisor | E60: Lal | F60: 30 | G60: 26 | H60: 4 | I60: =VLOOKUP(B60,'[1]Wages Sheet'!$B$8:$J$192,9,FALSE) -> 2 | J60: =SUM(VLOOKUP(B60,'[1]Wages Sheet'!$B$8:$K$192,10,FALSE)+(VLOOKUP(B60,'[1]Wages Sheet'!$B$8:$L$192,11,FALSE))) -> 4 | K60: =VLOOKUP(B60,'[1]Wages Sheet'!$B$8:$O$192,14,FALSE) -> 0 | L60: =VLOOKUP(B60,'[1]Wages Sheet'!$B$8:$Q$192,16,FALSE) -> 2 | M60: =VLOOKUP(B60,'[1]Wages Sheet'!$B$8:$T$193,19,FALSE) -> 14500 | N60: =VLOOKUP(B60,'[1]Wages Sheet'!$B$8:$U$192,20,FALSE) -> 14500 | O60: =VLOOKUP(B60,'[1]Wages Sheet'!$B$8:$W$192,22,FALSE) -> 0 | P60: =VLOOKUP(B60,'[1]Wages Sheet'!$B$8:$Z$192,25,FALSE) -> 14480.645 | Q60: =VLOOKUP(B60,'[1]Wages Sheet'!$B$8:$AD$192,28,FALSE) -> 28980.645 | R60: =VLOOKUP(B60,'[1]Wages Sheet'!$B$8:$AD$192,29,FALSE) -> 29200 | S60: =VLOOKUP(B60,'[1]Wages Sheet'!$B$8:$AF$192,31,FALSE) -> -219.35484
A61: Apr 2026 | B61: Kesho Mahto | C61: New | D61: Polc.Op | E61: Karo | F61: 30 | G61: 17 | H61: 13 | I61: =VLOOKUP(B61,'[1]Wages Sheet'!$B$8:$J$192,9,FALSE) -> 2 | J61: =SUM(VLOOKUP(B61,'[1]Wages Sheet'!$B$8:$K$192,10,FALSE)+(VLOOKUP(B61,'[1]Wages Sheet'!$B$8:$L$192,11,FALSE))) -> 2 | K61: =VLOOKUP(B61,'[1]Wages Sheet'!$B$8:$O$192,14,FALSE) -> 4 | L61: =VLOOKUP(B61,'[1]Wages Sheet'!$B$8:$Q$192,16,FALSE) -> 0 | M61: =VLOOKUP(B61,'[1]Wages Sheet'!$B$8:$T$193,19,FALSE) -> 18000 | N61: =VLOOKUP(B61,'[1]Wages Sheet'!$B$8:$U$192,20,FALSE) -> 12600 | O61: =VLOOKUP(B61,'[1]Wages Sheet'!$B$8:$W$192,22,FALSE) -> 0 | P61: =VLOOKUP(B61,'[1]Wages Sheet'!$B$8:$Z$192,25,FALSE) -> 3000 | Q61: =VLOOKUP(B61,'[1]Wages Sheet'!$B$8:$AD$192,28,FALSE) -> 15600 | R61: =VLOOKUP(B61,'[1]Wages Sheet'!$B$8:$AD$192,29,FALSE) -> 15600 | S61: =VLOOKUP(B61,'[1]Wages Sheet'!$B$8:$AF$192,31,FALSE) -> 0
A62: Apr 2026 | B62: Khudi Ram | C62: Old | D62: COOK | E62: Lal | F62: 30 | G62: 29 | H62: 1 | I62: =VLOOKUP(B62,'[1]Wages Sheet'!$B$8:$J$192,9,FALSE) -> 8 | J62: =SUM(VLOOKUP(B62,'[1]Wages Sheet'!$B$8:$K$192,10,FALSE)+(VLOOKUP(B62,'[1]Wages Sheet'!$B$8:$L$192,11,FALSE))) -> 4 | K62: =VLOOKUP(B62,'[1]Wages Sheet'!$B$8:$O$192,14,FALSE) -> 0 | L62: =VLOOKUP(B62,'[1]Wages Sheet'!$B$8:$Q$192,16,FALSE) -> 11 | M62: =VLOOKUP(B62,'[1]Wages Sheet'!$B$8:$T$193,19,FALSE) -> 13500 | N62: =VLOOKUP(B62,'[1]Wages Sheet'!$B$8:$U$192,20,FALSE) -> 13500 | O62: =VLOOKUP(B62,'[1]Wages Sheet'!$B$8:$W$192,22,FALSE) -> 46580 | P62: =VLOOKUP(B62,'[1]Wages Sheet'!$B$8:$Z$192,25,FALSE) -> 0 | Q62: =VLOOKUP(B62,'[1]Wages Sheet'!$B$8:$AD$192,28,FALSE) -> -33080 | R62: =VLOOKUP(B62,'[1]Wages Sheet'!$B$8:$AD$192,29,FALSE) -> 18000 | S62: =VLOOKUP(B62,'[1]Wages Sheet'!$B$8:$AF$192,31,FALSE) -> -51080
A63: Apr 2026 | B63: Kishore Mahto | C63: Old | D63: T/D | E63: Karo/Tori | F63: 30 | G63: 26 | H63: 4 | I63: =VLOOKUP(B63,'[1]Wages Sheet'!$B$8:$J$192,9,FALSE) -> -9 | J63: =SUM(VLOOKUP(B63,'[1]Wages Sheet'!$B$8:$K$192,10,FALSE)+(VLOOKUP(B63,'[1]Wages Sheet'!$B$8:$L$192,11,FALSE))) -> 4 | K63: =VLOOKUP(B63,'[1]Wages Sheet'!$B$8:$O$192,14,FALSE) -> 4 | L63: =VLOOKUP(B63,'[1]Wages Sheet'!$B$8:$Q$192,16,FALSE) -> 0 | M63: =VLOOKUP(B63,'[1]Wages Sheet'!$B$8:$T$193,19,FALSE) -> 16000 | N63: =VLOOKUP(B63,'[1]Wages Sheet'!$B$8:$U$192,20,FALSE) -> 16000 | O63: =VLOOKUP(B63,'[1]Wages Sheet'!$B$8:$W$192,22,FALSE) -> 0 | P63: =VLOOKUP(B63,'[1]Wages Sheet'!$B$8:$Z$192,25,FALSE) -> 14597.258 | Q63: =VLOOKUP(B63,'[1]Wages Sheet'!$B$8:$AD$192,28,FALSE) -> 30597.258 | R63: =VLOOKUP(B63,'[1]Wages Sheet'!$B$8:$AD$192,29,FALSE) -> 40000 | S63: =VLOOKUP(B63,'[1]Wages Sheet'!$B$8:$AF$192,31,FALSE) -> -9402.7419
A64: Apr 2026 | B64: Krishna Munda | C64: New | D64: COOK | F64: 30 | G64: 0 | H64: 30 | I64: =VLOOKUP(B64,'[1]Wages Sheet'!$B$8:$J$192,9,FALSE) -> 0 | J64: =SUM(VLOOKUP(B64,'[1]Wages Sheet'!$B$8:$K$192,10,FALSE)+(VLOOKUP(B64,'[1]Wages Sheet'!$B$8:$L$192,11,FALSE))) -> 0 | K64: =VLOOKUP(B64,'[1]Wages Sheet'!$B$8:$O$192,14,FALSE) -> 0 | L64: =VLOOKUP(B64,'[1]Wages Sheet'!$B$8:$Q$192,16,FALSE) -> 0 | M64: =VLOOKUP(B64,'[1]Wages Sheet'!$B$8:$T$193,19,FALSE) -> 12000 | N64: =VLOOKUP(B64,'[1]Wages Sheet'!$B$8:$U$192,20,FALSE) -> 0 | O64: =VLOOKUP(B64,'[1]Wages Sheet'!$B$8:$W$192,22,FALSE) -> 0.4516129 | P64: =VLOOKUP(B64,'[1]Wages Sheet'!$B$8:$Z$192,25,FALSE) -> 0 | Q64: =VLOOKUP(B64,'[1]Wages Sheet'!$B$8:$AD$192,28,FALSE) -> -0.4516129 | R64: =VLOOKUP(B64,'[1]Wages Sheet'!$B$8:$AD$192,29,FALSE) -> 0 | S64: =VLOOKUP(B64,'[1]Wages Sheet'!$B$8:$AF$192,31,FALSE) -> -0.4516129
A65: Apr 2026 | B65: Kuldeep Kr. Ray | D65: Scorpio Driver | E65: Karo | F65: 30 | G65: 20 | H65: 10 | I65: =VLOOKUP(B65,'[1]Wages Sheet'!$B$8:$J$192,9,FALSE) -> 0 | J65: =SUM(VLOOKUP(B65,'[1]Wages Sheet'!$B$8:$K$192,10,FALSE)+(VLOOKUP(B65,'[1]Wages Sheet'!$B$8:$L$192,11,FALSE))) -> 3 | K65: =VLOOKUP(B65,'[1]Wages Sheet'!$B$8:$O$192,14,FALSE) -> 3 | L65: =VLOOKUP(B65,'[1]Wages Sheet'!$B$8:$Q$192,16,FALSE) -> 0 | M65: =VLOOKUP(B65,'[1]Wages Sheet'!$B$8:$T$193,19,FALSE) -> 11000 | N65: =VLOOKUP(B65,'[1]Wages Sheet'!$B$8:$U$192,20,FALSE) -> 8433.3333 | O65: =VLOOKUP(B65,'[1]Wages Sheet'!$B$8:$W$192,22,FALSE) -> 0 | P65: =VLOOKUP(B65,'[1]Wages Sheet'!$B$8:$Z$192,25,FALSE) -> 7096.2796 | Q65: =VLOOKUP(B65,'[1]Wages Sheet'!$B$8:$AD$192,28,FALSE) -> 15529.613 | R65: =VLOOKUP(B65,'[1]Wages Sheet'!$B$8:$AD$192,29,FALSE) -> 15530 | S65: =VLOOKUP(B65,'[1]Wages Sheet'!$B$8:$AF$192,31,FALSE) -> -0.38709677
A66: Apr 2026 | B66: Lalchand Rajak | C66: New | D66: T/D | E66: Karo | F66: 30 | G66: 23 | H66: 7 | I66: =VLOOKUP(B66,'[1]Wages Sheet'!$B$8:$J$192,9,FALSE) -> 1 | J66: =SUM(VLOOKUP(B66,'[1]Wages Sheet'!$B$8:$K$192,10,FALSE)+(VLOOKUP(B66,'[1]Wages Sheet'!$B$8:$L$192,11,FALSE))) -> 3 | K66: =VLOOKUP(B66,'[1]Wages Sheet'!$B$8:$O$192,14,FALSE) -> 4 | L66: =VLOOKUP(B66,'[1]Wages Sheet'!$B$8:$Q$192,16,FALSE) -> 0 | M66: =VLOOKUP(B66,'[1]Wages Sheet'!$B$8:$T$193,19,FALSE) -> 16000 | N66: =VLOOKUP(B66,'[1]Wages Sheet'!$B$8:$U$192,20,FALSE) -> 14400 | O66: =VLOOKUP(B66,'[1]Wages Sheet'!$B$8:$W$192,22,FALSE) -> 14000.333 | P66: =VLOOKUP(B66,'[1]Wages Sheet'!$B$8:$Z$192,25,FALSE) -> 0 | Q66: =VLOOKUP(B66,'[1]Wages Sheet'!$B$8:$AD$192,28,FALSE) -> 399.66667 | R66: =VLOOKUP(B66,'[1]Wages Sheet'!$B$8:$AD$192,29,FALSE) -> 0 | S66: =VLOOKUP(B66,'[1]Wages Sheet'!$B$8:$AF$192,31,FALSE) -> 399.66667
A67: Apr 2026 | B67: Laldhari Mahto | C67: New | D67: Polc.Op | E67: Lal | F67: 30 | G67: 30 | H67: 0 | I67: =VLOOKUP(B67,'[1]Wages Sheet'!$B$8:$J$192,9,FALSE) -> 1 | J67: =SUM(VLOOKUP(B67,'[1]Wages Sheet'!$B$8:$K$192,10,FALSE)+(VLOOKUP(B67,'[1]Wages Sheet'!$B$8:$L$192,11,FALSE))) -> 4 | K67: =VLOOKUP(B67,'[1]Wages Sheet'!$B$8:$O$192,14,FALSE) -> 0 | L67: =VLOOKUP(B67,'[1]Wages Sheet'!$B$8:$Q$192,16,FALSE) -> 5 | M67: =VLOOKUP(B67,'[1]Wages Sheet'!$B$8:$T$193,19,FALSE) -> 17000 | N67: =VLOOKUP(B67,'[1]Wages Sheet'!$B$8:$U$192,20,FALSE) -> 17000 | O67: =VLOOKUP(B67,'[1]Wages Sheet'!$B$8:$W$192,22,FALSE) -> 0 | P67: =VLOOKUP(B67,'[1]Wages Sheet'!$B$8:$Z$192,25,FALSE) -> 17000.333 | Q67: =VLOOKUP(B67,'[1]Wages Sheet'!$B$8:$AD$192,28,FALSE) -> 34000.333 | R67: =VLOOKUP(B67,'[1]Wages Sheet'!$B$8:$AD$192,29,FALSE) -> 34000 | S67: =VLOOKUP(B67,'[1]Wages Sheet'!$B$8:$AF$192,31,FALSE) -> 0.33333333
A68: Apr 2026 | B68: Lalmani Yadav (Ajit Yadav) | C68: Old | D68: OP | E68: Lal | F68: 30 | G68: 26 | H68: 4 | I68: =VLOOKUP(B68,'[1]Wages Sheet'!$B$8:$J$192,9,FALSE) -> 7 | J68: =SUM(VLOOKUP(B68,'[1]Wages Sheet'!$B$8:$K$192,10,FALSE)+(VLOOKUP(B68,'[1]Wages Sheet'!$B$8:$L$192,11,FALSE))) -> 4 | K68: =VLOOKUP(B68,'[1]Wages Sheet'!$B$8:$O$192,14,FALSE) -> 0 | L68: =VLOOKUP(B68,'[1]Wages Sheet'!$B$8:$Q$192,16,FALSE) -> 7 | M68: =VLOOKUP(B68,'[1]Wages Sheet'!$B$8:$T$193,19,FALSE) -> 20500 | N68: =VLOOKUP(B68,'[1]Wages Sheet'!$B$8:$U$192,20,FALSE) -> 20500 | O68: =VLOOKUP(B68,'[1]Wages Sheet'!$B$8:$W$192,22,FALSE) -> 0 | P68: =VLOOKUP(B68,'[1]Wages Sheet'!$B$8:$Z$192,25,FALSE) -> 11580 | Q68: =VLOOKUP(B68,'[1]Wages Sheet'!$B$8:$AD$192,28,FALSE) -> 32080 | R68: =VLOOKUP(B68,'[1]Wages Sheet'!$B$8:$AD$192,29,FALSE) -> 32100 | S68: =VLOOKUP(B68,'[1]Wages Sheet'!$B$8:$AF$192,31,FALSE) -> -20
A69: Apr 2026 | B69: Lalu Yadav | C69: Old | D69: Polc.Op | E69: Karo/tori | F69: 30 | G69: 30 | H69: 0 | I69: =VLOOKUP(B69,'[1]Wages Sheet'!$B$8:$J$192,9,FALSE) -> -4 | J69: =SUM(VLOOKUP(B69,'[1]Wages Sheet'!$B$8:$K$192,10,FALSE)+(VLOOKUP(B69,'[1]Wages Sheet'!$B$8:$L$192,11,FALSE))) -> 4 | K69: =VLOOKUP(B69,'[1]Wages Sheet'!$B$8:$O$192,14,FALSE) -> 0 | L69: =VLOOKUP(B69,'[1]Wages Sheet'!$B$8:$Q$192,16,FALSE) -> 4 | M69: =VLOOKUP(B69,'[1]Wages Sheet'!$B$8:$T$193,19,FALSE) -> 19500 | N69: =VLOOKUP(B69,'[1]Wages Sheet'!$B$8:$U$192,20,FALSE) -> 19500 | O69: =VLOOKUP(B69,'[1]Wages Sheet'!$B$8:$W$192,22,FALSE) -> 0 | P69: =VLOOKUP(B69,'[1]Wages Sheet'!$B$8:$Z$192,25,FALSE) -> 0 | Q69: =VLOOKUP(B69,'[1]Wages Sheet'!$B$8:$AD$192,28,FALSE) -> 19500 | R69: =VLOOKUP(B69,'[1]Wages Sheet'!$B$8:$AD$192,29,FALSE) -> 19500 | S69: =VLOOKUP(B69,'[1]Wages Sheet'!$B$8:$AF$192,31,FALSE) -> 0
A70: Apr 2026 | B70: Late Surendra Singh | D70: T/D | E70: lal | F70: 30 | G70: 0 | H70: 30 | I70: =VLOOKUP(B70,'[1]Wages Sheet'!$B$8:$J$192,9,FALSE) -> 0 | J70: =SUM(VLOOKUP(B70,'[1]Wages Sheet'!$B$8:$K$192,10,FALSE)+(VLOOKUP(B70,'[1]Wages Sheet'!$B$8:$L$192,11,FALSE))) -> 0 | K70: =VLOOKUP(B70,'[1]Wages Sheet'!$B$8:$O$192,14,FALSE) -> 0 | L70: =VLOOKUP(B70,'[1]Wages Sheet'!$B$8:$Q$192,16,FALSE) -> 0 | M70: =VLOOKUP(B70,'[1]Wages Sheet'!$B$8:$T$193,19,FALSE) -> 5000 | N70: =VLOOKUP(B70,'[1]Wages Sheet'!$B$8:$U$192,20,FALSE) -> 0 | O70: =VLOOKUP(B70,'[1]Wages Sheet'!$B$8:$W$192,22,FALSE) -> 0 | P70: =VLOOKUP(B70,'[1]Wages Sheet'!$B$8:$Z$192,25,FALSE) -> 25000 | Q70: =VLOOKUP(B70,'[1]Wages Sheet'!$B$8:$AD$192,28,FALSE) -> 25000 | R70: =VLOOKUP(B70,'[1]Wages Sheet'!$B$8:$AD$192,29,FALSE) -> 0 | S70: =VLOOKUP(B70,'[1]Wages Sheet'!$B$8:$AF$192,31,FALSE) -> 25000
A71: Apr 2026 | B71: Mahadev Prajapati | C71: New | D71: COOK | E71: Karo | F71: 30 | G71: 27 | H71: 3 | I71: =VLOOKUP(B71,'[1]Wages Sheet'!$B$8:$J$192,9,FALSE) -> 0 | J71: =SUM(VLOOKUP(B71,'[1]Wages Sheet'!$B$8:$K$192,10,FALSE)+(VLOOKUP(B71,'[1]Wages Sheet'!$B$8:$L$192,11,FALSE))) -> 4 | K71: =VLOOKUP(B71,'[1]Wages Sheet'!$B$8:$O$192,14,FALSE) -> 3 | L71: =VLOOKUP(B71,'[1]Wages Sheet'!$B$8:$Q$192,16,FALSE) -> 1 | M71: =VLOOKUP(B71,'[1]Wages Sheet'!$B$8:$T$193,19,FALSE) -> 10000 | N71: =VLOOKUP(B71,'[1]Wages Sheet'!$B$8:$U$192,20,FALSE) -> 10000 | O71: =VLOOKUP(B71,'[1]Wages Sheet'!$B$8:$W$192,22,FALSE) -> 0 | P71: =VLOOKUP(B71,'[1]Wages Sheet'!$B$8:$Z$192,25,FALSE) -> 10000 | Q71: =VLOOKUP(B71,'[1]Wages Sheet'!$B$8:$AD$192,28,FALSE) -> 20000 | R71: =VLOOKUP(B71,'[1]Wages Sheet'!$B$8:$AD$192,29,FALSE) -> 20000 | S71: =VLOOKUP(B71,'[1]Wages Sheet'!$B$8:$AF$192,31,FALSE) -> 0
A72: Apr 2026 | B72: Mahesh Yadav | C72: New | D72: supervisor | F72: 30 | G72: 0 | H72: 30 | I72: =VLOOKUP(B72,'[1]Wages Sheet'!$B$8:$J$192,9,FALSE) -> 0 | J72: =SUM(VLOOKUP(B72,'[1]Wages Sheet'!$B$8:$K$192,10,FALSE)+(VLOOKUP(B72,'[1]Wages Sheet'!$B$8:$L$192,11,FALSE))) -> 0 | K72: =VLOOKUP(B72,'[1]Wages Sheet'!$B$8:$O$192,14,FALSE) -> 0 | L72: =VLOOKUP(B72,'[1]Wages Sheet'!$B$8:$Q$192,16,FALSE) -> 0 | M72: =VLOOKUP(B72,'[1]Wages Sheet'!$B$8:$T$193,19,FALSE) -> 10000 | N72: =VLOOKUP(B72,'[1]Wages Sheet'!$B$8:$U$192,20,FALSE) -> 0 | O72: =VLOOKUP(B72,'[1]Wages Sheet'!$B$8:$W$192,22,FALSE) -> 0 | P72: =VLOOKUP(B72,'[1]Wages Sheet'!$B$8:$Z$192,25,FALSE) -> 0 | Q72: =VLOOKUP(B72,'[1]Wages Sheet'!$B$8:$AD$192,28,FALSE) -> 0 | R72: =VLOOKUP(B72,'[1]Wages Sheet'!$B$8:$AD$192,29,FALSE) -> 0 | S72: =VLOOKUP(B72,'[1]Wages Sheet'!$B$8:$AF$192,31,FALSE) -> 0
A73: Apr 2026 | B73: Manju Devi | C73: New | D73: COOK | E73: Karo | F73: 30 | G73: 25 | H73: 5 | I73: =VLOOKUP(B73,'[1]Wages Sheet'!$B$8:$J$192,9,FALSE) -> 1 | J73: =SUM(VLOOKUP(B73,'[1]Wages Sheet'!$B$8:$K$192,10,FALSE)+(VLOOKUP(B73,'[1]Wages Sheet'!$B$8:$L$192,11,FALSE))) -> 4 | K73: =VLOOKUP(B73,'[1]Wages Sheet'!$B$8:$O$192,14,FALSE) -> 5 | L73: =VLOOKUP(B73,'[1]Wages Sheet'!$B$8:$Q$192,16,FALSE) -> 0 | M73: =VLOOKUP(B73,'[1]Wages Sheet'!$B$8:$T$193,19,FALSE) -> 8500 | N73: =VLOOKUP(B73,'[1]Wages Sheet'!$B$8:$U$192,20,FALSE) -> 8500 | O73: =VLOOKUP(B73,'[1]Wages Sheet'!$B$8:$W$192,22,FALSE) -> 0 | P73: =VLOOKUP(B73,'[1]Wages Sheet'!$B$8:$Z$192,25,FALSE) -> 8500 | Q73: =VLOOKUP(B73,'[1]Wages Sheet'!$B$8:$AD$192,28,FALSE) -> 17000 | R73: =VLOOKUP(B73,'[1]Wages Sheet'!$B$8:$AD$192,29,FALSE) -> 17000 | S73: =VLOOKUP(B73,'[1]Wages Sheet'!$B$8:$AF$192,31,FALSE) -> 0
A74: Apr 2026 | B74: Md Samiruddin Ansari | C74: New | D74: supervisor | E74: konar/LAL | F74: 30 | G74: 29 | H74: 1 | I74: =VLOOKUP(B74,'[1]Wages Sheet'!$B$8:$J$192,9,FALSE) -> 6 | J74: =SUM(VLOOKUP(B74,'[1]Wages Sheet'!$B$8:$K$192,10,FALSE)+(VLOOKUP(B74,'[1]Wages Sheet'!$B$8:$L$192,11,FALSE))) -> 4 | K74: =VLOOKUP(B74,'[1]Wages Sheet'!$B$8:$O$192,14,FALSE) -> 1 | L74: =VLOOKUP(B74,'[1]Wages Sheet'!$B$8:$Q$192,16,FALSE) -> 9 | M74: =VLOOKUP(B74,'[1]Wages Sheet'!$B$8:$T$193,19,FALSE) -> 11000 | N74: =VLOOKUP(B74,'[1]Wages Sheet'!$B$8:$U$192,20,FALSE) -> 11000 | O74: =VLOOKUP(B74,'[1]Wages Sheet'!$B$8:$W$192,22,FALSE) -> 0 | P74: =VLOOKUP(B74,'[1]Wages Sheet'!$B$8:$Z$192,25,FALSE) -> 7966.6667 | Q74: =VLOOKUP(B74,'[1]Wages Sheet'!$B$8:$AD$192,28,FALSE) -> 18966.667 | R74: =VLOOKUP(B74,'[1]Wages Sheet'!$B$8:$AD$192,29,FALSE) -> 19000 | S74: =VLOOKUP(B74,'[1]Wages Sheet'!$B$8:$AF$192,31,FALSE) -> -33.333333
A75: Apr 2026 | B75: Md. Tohid Ansari | C75: New | D75: Poclain Mechanic | E75: Karo | F75: 30 | G75: 22 | H75: 8 | I75: =VLOOKUP(B75,'[1]Wages Sheet'!$B$8:$J$192,9,FALSE) -> -3 | J75: =SUM(VLOOKUP(B75,'[1]Wages Sheet'!$B$8:$K$192,10,FALSE)+(VLOOKUP(B75,'[1]Wages Sheet'!$B$8:$L$192,11,FALSE))) -> 3 | K75: =VLOOKUP(B75,'[1]Wages Sheet'!$B$8:$O$192,14,FALSE) -> 3 | L75: =VLOOKUP(B75,'[1]Wages Sheet'!$B$8:$Q$192,16,FALSE) -> 0 | M75: =VLOOKUP(B75,'[1]Wages Sheet'!$B$8:$T$193,19,FALSE) -> 12000 | N75: =VLOOKUP(B75,'[1]Wages Sheet'!$B$8:$U$192,20,FALSE) -> 10000 | O75: =VLOOKUP(B75,'[1]Wages Sheet'!$B$8:$W$192,22,FALSE) -> 5888.7558 | P75: =VLOOKUP(B75,'[1]Wages Sheet'!$B$8:$Z$192,25,FALSE) -> 0 | Q75: =VLOOKUP(B75,'[1]Wages Sheet'!$B$8:$AD$192,28,FALSE) -> 4111.2442 | R75: =VLOOKUP(B75,'[1]Wages Sheet'!$B$8:$AD$192,29,FALSE) -> 25000 | S75: =VLOOKUP(B75,'[1]Wages Sheet'!$B$8:$AF$192,31,FALSE) -> -20888.756
A76: Apr 2026 | B76: Mohan Kr. Mahto | C76: New | D76: Polc. H | F76: 30 | G76: 0 | H76: 30 | I76: =VLOOKUP(B76,'[1]Wages Sheet'!$B$8:$J$192,9,FALSE) -> 0 | J76: =SUM(VLOOKUP(B76,'[1]Wages Sheet'!$B$8:$K$192,10,FALSE)+(VLOOKUP(B76,'[1]Wages Sheet'!$B$8:$L$192,11,FALSE))) -> 0 | K76: =VLOOKUP(B76,'[1]Wages Sheet'!$B$8:$O$192,14,FALSE) -> 0 | L76: =VLOOKUP(B76,'[1]Wages Sheet'!$B$8:$Q$192,16,FALSE) -> 0 | M76: =VLOOKUP(B76,'[1]Wages Sheet'!$B$8:$T$193,19,FALSE) -> 9500 | N76: =VLOOKUP(B76,'[1]Wages Sheet'!$B$8:$U$192,20,FALSE) -> 0 | O76: =VLOOKUP(B76,'[1]Wages Sheet'!$B$8:$W$192,22,FALSE) -> 3.2258065 | P76: =VLOOKUP(B76,'[1]Wages Sheet'!$B$8:$Z$192,25,FALSE) -> 0 | Q76: =VLOOKUP(B76,'[1]Wages Sheet'!$B$8:$AD$192,28,FALSE) -> -3.2258065 | R76: =VLOOKUP(B76,'[1]Wages Sheet'!$B$8:$AD$192,29,FALSE) -> 0 | S76: =VLOOKUP(B76,'[1]Wages Sheet'!$B$8:$AF$192,31,FALSE) -> -3.2258065
A77: Apr 2026 | B77: Mukesh Kerketta | C77: Old | D77: T/D | F77: 30 | G77: 0 | H77: 30 | I77: =VLOOKUP(B77,'[1]Wages Sheet'!$B$8:$J$192,9,FALSE) -> 0 | J77: =SUM(VLOOKUP(B77,'[1]Wages Sheet'!$B$8:$K$192,10,FALSE)+(VLOOKUP(B77,'[1]Wages Sheet'!$B$8:$L$192,11,FALSE))) -> 0 | K77: =VLOOKUP(B77,'[1]Wages Sheet'!$B$8:$O$192,14,FALSE) -> 0 | L77: =VLOOKUP(B77,'[1]Wages Sheet'!$B$8:$Q$192,16,FALSE) -> 0 | M77: =VLOOKUP(B77,'[1]Wages Sheet'!$B$8:$T$193,19,FALSE) -> 16000 | N77: =VLOOKUP(B77,'[1]Wages Sheet'!$B$8:$U$192,20,FALSE) -> 0 | O77: =VLOOKUP(B77,'[1]Wages Sheet'!$B$8:$W$192,22,FALSE) -> 0 | P77: =VLOOKUP(B77,'[1]Wages Sheet'!$B$8:$Z$192,25,FALSE) -> 9181.2366 | Q77: =VLOOKUP(B77,'[1]Wages Sheet'!$B$8:$AD$192,28,FALSE) -> 9181.2366 | R77: =VLOOKUP(B77,'[1]Wages Sheet'!$B$8:$AD$192,29,FALSE) -> 0 | S77: =VLOOKUP(B77,'[1]Wages Sheet'!$B$8:$AF$192,31,FALSE) -> 9181.2366
A78: Apr 2026 | B78: Mukesh Verma | C78: Old | D78: supervisor | F78: 30 | G78: 0 | H78: 30 | I78: =VLOOKUP(B78,'[1]Wages Sheet'!$B$8:$J$192,9,FALSE) -> 0 | J78: =SUM(VLOOKUP(B78,'[1]Wages Sheet'!$B$8:$K$192,10,FALSE)+(VLOOKUP(B78,'[1]Wages Sheet'!$B$8:$L$192,11,FALSE))) -> 0 | K78: =VLOOKUP(B78,'[1]Wages Sheet'!$B$8:$O$192,14,FALSE) -> 0 | L78: =VLOOKUP(B78,'[1]Wages Sheet'!$B$8:$Q$192,16,FALSE) -> 0 | M78: =VLOOKUP(B78,'[1]Wages Sheet'!$B$8:$T$193,19,FALSE) -> 14000 | N78: =VLOOKUP(B78,'[1]Wages Sheet'!$B$8:$U$192,20,FALSE) -> 0 | O78: =VLOOKUP(B78,'[1]Wages Sheet'!$B$8:$W$192,22,FALSE) -> 0 | P78: =VLOOKUP(B78,'[1]Wages Sheet'!$B$8:$Z$192,25,FALSE) -> 0 | Q78: =VLOOKUP(B78,'[1]Wages Sheet'!$B$8:$AD$192,28,FALSE) -> 0 | R78: =VLOOKUP(B78,'[1]Wages Sheet'!$B$8:$AD$192,29,FALSE) -> 0 | S78: =VLOOKUP(B78,'[1]Wages Sheet'!$B$8:$AF$192,31,FALSE) -> 0
A79: Apr 2026 | B79: Nand Kishor Singh | C79: New | D79: T/D | E79: Karo | F79: 30 | G79: 0 | H79: 30 | I79: =VLOOKUP(B79,'[1]Wages Sheet'!$B$8:$J$192,9,FALSE) -> 3 | J79: =SUM(VLOOKUP(B79,'[1]Wages Sheet'!$B$8:$K$192,10,FALSE)+(VLOOKUP(B79,'[1]Wages Sheet'!$B$8:$L$192,11,FALSE))) -> 0 | K79: =VLOOKUP(B79,'[1]Wages Sheet'!$B$8:$O$192,14,FALSE) -> 3 | L79: =VLOOKUP(B79,'[1]Wages Sheet'!$B$8:$Q$192,16,FALSE) -> 3 | M79: =VLOOKUP(B79,'[1]Wages Sheet'!$B$8:$T$193,19,FALSE) -> 16000 | N79: =VLOOKUP(B79,'[1]Wages Sheet'!$B$8:$U$192,20,FALSE) -> 1600 | O79: =VLOOKUP(B79,'[1]Wages Sheet'!$B$8:$W$192,22,FALSE) -> 0 | P79: =VLOOKUP(B79,'[1]Wages Sheet'!$B$8:$Z$192,25,FALSE) -> 1016.9377 | Q79: =VLOOKUP(B79,'[1]Wages Sheet'!$B$8:$AD$192,28,FALSE) -> 2616.9377 | R79: =VLOOKUP(B79,'[1]Wages Sheet'!$B$8:$AD$192,29,FALSE) -> 2617 | S79: =VLOOKUP(B79,'[1]Wages Sheet'!$B$8:$AF$192,31,FALSE) -> -0.062258065
A80: Apr 2026 | B80: Nandlal Boxi | C80: New | D80: Mess Incharge | E80: Karo | F80: 30 | G80: 30 | H80: 0 | I80: =VLOOKUP(B80,'[1]Wages Sheet'!$B$8:$J$192,9,FALSE) -> -2.5 | J80: =SUM(VLOOKUP(B80,'[1]Wages Sheet'!$B$8:$K$192,10,FALSE)+(VLOOKUP(B80,'[1]Wages Sheet'!$B$8:$L$192,11,FALSE))) -> 4 | K80: =VLOOKUP(B80,'[1]Wages Sheet'!$B$8:$O$192,14,FALSE) -> 0 | L80: =VLOOKUP(B80,'[1]Wages Sheet'!$B$8:$Q$192,16,FALSE) -> 4 | M80: =VLOOKUP(B80,'[1]Wages Sheet'!$B$8:$T$193,19,FALSE) -> 9000 | N80: =VLOOKUP(B80,'[1]Wages Sheet'!$B$8:$U$192,20,FALSE) -> 9000 | O80: =VLOOKUP(B80,'[1]Wages Sheet'!$B$8:$W$192,22,FALSE) -> 0 | P80: =VLOOKUP(B80,'[1]Wages Sheet'!$B$8:$Z$192,25,FALSE) -> 8998 | Q80: =VLOOKUP(B80,'[1]Wages Sheet'!$B$8:$AD$192,28,FALSE) -> 17998 | R80: =VLOOKUP(B80,'[1]Wages Sheet'!$B$8:$AD$192,29,FALSE) -> 18000 | S80: =VLOOKUP(B80,'[1]Wages Sheet'!$B$8:$AF$192,31,FALSE) -> -2
A81: Apr 2026 | B81: Narayan Mahto (Ng) | C81: New | D81: N/G | E81: Karo | F81: 30 | G81: 27 | H81: 3 | I81: =VLOOKUP(B81,'[1]Wages Sheet'!$B$8:$J$192,9,FALSE) -> 0 | J81: =SUM(VLOOKUP(B81,'[1]Wages Sheet'!$B$8:$K$192,10,FALSE)+(VLOOKUP(B81,'[1]Wages Sheet'!$B$8:$L$192,11,FALSE))) -> 0 | K81: =VLOOKUP(B81,'[1]Wages Sheet'!$B$8:$O$192,14,FALSE) -> 0 | L81: =VLOOKUP(B81,'[1]Wages Sheet'!$B$8:$Q$192,16,FALSE) -> 0 | M81: =VLOOKUP(B81,'[1]Wages Sheet'!$B$8:$T$193,19,FALSE) -> 9000 | N81: =VLOOKUP(B81,'[1]Wages Sheet'!$B$8:$U$192,20,FALSE) -> 8100 | O81: =VLOOKUP(B81,'[1]Wages Sheet'!$B$8:$W$192,22,FALSE) -> 0 | P81: =VLOOKUP(B81,'[1]Wages Sheet'!$B$8:$Z$192,25,FALSE) -> 4419.4287 | Q81: =VLOOKUP(B81,'[1]Wages Sheet'!$B$8:$AD$192,28,FALSE) -> 12519.429 | R81: =VLOOKUP(B81,'[1]Wages Sheet'!$B$8:$AD$192,29,FALSE) -> 12520 | S81: =VLOOKUP(B81,'[1]Wages Sheet'!$B$8:$AF$192,31,FALSE) -> -0.57133641
A82: Apr 2026 | B82: Narayan Yadav | C82: New | D82: OP | F82: 30 | G82: 0 | H82: 30 | I82: =VLOOKUP(B82,'[1]Wages Sheet'!$B$8:$J$192,9,FALSE) -> 0 | J82: =SUM(VLOOKUP(B82,'[1]Wages Sheet'!$B$8:$K$192,10,FALSE)+(VLOOKUP(B82,'[1]Wages Sheet'!$B$8:$L$192,11,FALSE))) -> 0 | K82: =VLOOKUP(B82,'[1]Wages Sheet'!$B$8:$O$192,14,FALSE) -> 0 | L82: =VLOOKUP(B82,'[1]Wages Sheet'!$B$8:$Q$192,16,FALSE) -> 0 | M82: =VLOOKUP(B82,'[1]Wages Sheet'!$B$8:$T$193,19,FALSE) -> 15000 | N82: =VLOOKUP(B82,'[1]Wages Sheet'!$B$8:$U$192,20,FALSE) -> 0 | O82: =VLOOKUP(B82,'[1]Wages Sheet'!$B$8:$W$192,22,FALSE) -> 0 | P82: =VLOOKUP(B82,'[1]Wages Sheet'!$B$8:$Z$192,25,FALSE) -> 0 | Q82: =VLOOKUP(B82,'[1]Wages Sheet'!$B$8:$AD$192,28,FALSE) -> 0 | R82: =VLOOKUP(B82,'[1]Wages Sheet'!$B$8:$AD$192,29,FALSE) -> 0 | S82: =VLOOKUP(B82,'[1]Wages Sheet'!$B$8:$AF$192,31,FALSE) -> 0
A83: Apr 2026 | B83: Naresh Kisku | C83: New | D83: W/T-H | E83: lal | F83: 30 | G83: 28 | H83: 2 | I83: =VLOOKUP(B83,'[1]Wages Sheet'!$B$8:$J$192,9,FALSE) -> 1 | J83: =SUM(VLOOKUP(B83,'[1]Wages Sheet'!$B$8:$K$192,10,FALSE)+(VLOOKUP(B83,'[1]Wages Sheet'!$B$8:$L$192,11,FALSE))) -> 4 | K83: =VLOOKUP(B83,'[1]Wages Sheet'!$B$8:$O$192,14,FALSE) -> 0 | L83: =VLOOKUP(B83,'[1]Wages Sheet'!$B$8:$Q$192,16,FALSE) -> 3 | M83: =VLOOKUP(B83,'[1]Wages Sheet'!$B$8:$T$193,19,FALSE) -> 9500 | N83: =VLOOKUP(B83,'[1]Wages Sheet'!$B$8:$U$192,20,FALSE) -> 9500 | O83: =VLOOKUP(B83,'[1]Wages Sheet'!$B$8:$W$192,22,FALSE) -> 0 | P83: =VLOOKUP(B83,'[1]Wages Sheet'!$B$8:$Z$192,25,FALSE) -> 9461.2903 | Q83: =VLOOKUP(B83,'[1]Wages Sheet'!$B$8:$AD$192,28,FALSE) -> 18961.29 | R83: =VLOOKUP(B83,'[1]Wages Sheet'!$B$8:$AD$192,29,FALSE) -> 19000 | S83: =VLOOKUP(B83,'[1]Wages Sheet'!$B$8:$AF$192,31,FALSE) -> -38.709677
A84: Apr 2026 | B84: Naresh Turi | C84: New | D84: T/D | E84: Lal | F84: 30 | G84: 10 | H84: 20 | I84: =VLOOKUP(B84,'[1]Wages Sheet'!$B$8:$J$192,9,FALSE) -> 2 | J84: =SUM(VLOOKUP(B84,'[1]Wages Sheet'!$B$8:$K$192,10,FALSE)+(VLOOKUP(B84,'[1]Wages Sheet'!$B$8:$L$192,11,FALSE))) -> 2 | K84: =VLOOKUP(B84,'[1]Wages Sheet'!$B$8:$O$192,14,FALSE) -> 0 | L84: =VLOOKUP(B84,'[1]Wages Sheet'!$B$8:$Q$192,16,FALSE) -> 0 | M84: =VLOOKUP(B84,'[1]Wages Sheet'!$B$8:$T$193,19,FALSE) -> 16000 | N84: =VLOOKUP(B84,'[1]Wages Sheet'!$B$8:$U$192,20,FALSE) -> 7466.6667 | O84: =VLOOKUP(B84,'[1]Wages Sheet'!$B$8:$W$192,22,FALSE) -> 29000 | P84: =VLOOKUP(B84,'[1]Wages Sheet'!$B$8:$Z$192,25,FALSE) -> 0 | Q84: =VLOOKUP(B84,'[1]Wages Sheet'!$B$8:$AD$192,28,FALSE) -> -21533.333 | R84: =VLOOKUP(B84,'[1]Wages Sheet'!$B$8:$AD$192,29,FALSE) -> 11000 | S84: =VLOOKUP(B84,'[1]Wages Sheet'!$B$8:$AF$192,31,FALSE) -> -32533.333
A85: Apr 2026 | B85: Naresh Yadav | C85: Old | D85: OP | E85: Lal | F85: 30 | G85: 30 | H85: 0 | I85: =VLOOKUP(B85,'[1]Wages Sheet'!$B$8:$J$192,9,FALSE) -> 12 | J85: =SUM(VLOOKUP(B85,'[1]Wages Sheet'!$B$8:$K$192,10,FALSE)+(VLOOKUP(B85,'[1]Wages Sheet'!$B$8:$L$192,11,FALSE))) -> 4 | K85: =VLOOKUP(B85,'[1]Wages Sheet'!$B$8:$O$192,14,FALSE) -> 0 | L85: =VLOOKUP(B85,'[1]Wages Sheet'!$B$8:$Q$192,16,FALSE) -> 16 | M85: =VLOOKUP(B85,'[1]Wages Sheet'!$B$8:$T$193,19,FALSE) -> 19500 | N85: =VLOOKUP(B85,'[1]Wages Sheet'!$B$8:$U$192,20,FALSE) -> 19500 | O85: =VLOOKUP(B85,'[1]Wages Sheet'!$B$8:$W$192,22,FALSE) -> 0 | P85: =VLOOKUP(B85,'[1]Wages Sheet'!$B$8:$Z$192,25,FALSE) -> 14220 | Q85: =VLOOKUP(B85,'[1]Wages Sheet'!$B$8:$AD$192,28,FALSE) -> 33720 | R85: =VLOOKUP(B85,'[1]Wages Sheet'!$B$8:$AD$192,29,FALSE) -> 33720 | S85: =VLOOKUP(B85,'[1]Wages Sheet'!$B$8:$AF$192,31,FALSE) -> 0
A86: Apr 2026 | B86: Nitin Kr. Hembrom | C86: New | D86: H | F86: 30 | G86: 0 | H86: 30 | I86: =VLOOKUP(B86,'[1]Wages Sheet'!$B$8:$J$192,9,FALSE) -> 0 | J86: =SUM(VLOOKUP(B86,'[1]Wages Sheet'!$B$8:$K$192,10,FALSE)+(VLOOKUP(B86,'[1]Wages Sheet'!$B$8:$L$192,11,FALSE))) -> 0 | K86: =VLOOKUP(B86,'[1]Wages Sheet'!$B$8:$O$192,14,FALSE) -> 0 | L86: =VLOOKUP(B86,'[1]Wages Sheet'!$B$8:$Q$192,16,FALSE) -> 0 | M86: =VLOOKUP(B86,'[1]Wages Sheet'!$B$8:$T$193,19,FALSE) -> 9500 | N86: =VLOOKUP(B86,'[1]Wages Sheet'!$B$8:$U$192,20,FALSE) -> 0 | O86: =VLOOKUP(B86,'[1]Wages Sheet'!$B$8:$W$192,22,FALSE) -> 0 | P86: =VLOOKUP(B86,'[1]Wages Sheet'!$B$8:$Z$192,25,FALSE) -> 0 | Q86: =VLOOKUP(B86,'[1]Wages Sheet'!$B$8:$AD$192,28,FALSE) -> 0 | R86: =VLOOKUP(B86,'[1]Wages Sheet'!$B$8:$AD$192,29,FALSE) -> 0 | S86: =VLOOKUP(B86,'[1]Wages Sheet'!$B$8:$AF$192,31,FALSE) -> 0
A87: Apr 2026 | B87: Nitish Kumar (Mahto) | C87: Old | D87: ENGG. | E87: Tori | F87: 30 | G87: 19 | H87: 11 | I87: =VLOOKUP(B87,'[1]Wages Sheet'!$B$8:$J$192,9,FALSE) -> -2 | J87: =SUM(VLOOKUP(B87,'[1]Wages Sheet'!$B$8:$K$192,10,FALSE)+(VLOOKUP(B87,'[1]Wages Sheet'!$B$8:$L$192,11,FALSE))) -> 11 | K87: =VLOOKUP(B87,'[1]Wages Sheet'!$B$8:$O$192,14,FALSE) -> 0 | L87: =VLOOKUP(B87,'[1]Wages Sheet'!$B$8:$Q$192,16,FALSE) -> 0 | M87: =VLOOKUP(B87,'[1]Wages Sheet'!$B$8:$T$193,19,FALSE) -> 22000 | N87: =VLOOKUP(B87,'[1]Wages Sheet'!$B$8:$U$192,20,FALSE) -> 22000 | O87: =VLOOKUP(B87,'[1]Wages Sheet'!$B$8:$W$192,22,FALSE) -> 24500 | P87: =VLOOKUP(B87,'[1]Wages Sheet'!$B$8:$Z$192,25,FALSE) -> 0 | Q87: =VLOOKUP(B87,'[1]Wages Sheet'!$B$8:$AD$192,28,FALSE) -> -2500 | R87: =VLOOKUP(B87,'[1]Wages Sheet'!$B$8:$AD$192,29,FALSE) -> 25000 | S87: =VLOOKUP(B87,'[1]Wages Sheet'!$B$8:$AF$192,31,FALSE) -> -27500
A88: Apr 2026 | B88: Panchanand Mahto | C88: Old | D88: SR. SUP | E88: lal | F88: 30 | G88: 25 | H88: 5 | I88: =VLOOKUP(B88,'[1]Wages Sheet'!$B$8:$J$192,9,FALSE) -> 7 | J88: =SUM(VLOOKUP(B88,'[1]Wages Sheet'!$B$8:$K$192,10,FALSE)+(VLOOKUP(B88,'[1]Wages Sheet'!$B$8:$L$192,11,FALSE))) -> 4 | K88: =VLOOKUP(B88,'[1]Wages Sheet'!$B$8:$O$192,14,FALSE) -> 0 | L88: =VLOOKUP(B88,'[1]Wages Sheet'!$B$8:$Q$192,16,FALSE) -> 6 | M88: =VLOOKUP(B88,'[1]Wages Sheet'!$B$8:$T$193,19,FALSE) -> 20000 | N88: =VLOOKUP(B88,'[1]Wages Sheet'!$B$8:$U$192,20,FALSE) -> 20000 | O88: =VLOOKUP(B88,'[1]Wages Sheet'!$B$8:$W$192,22,FALSE) -> 0 | P88: =VLOOKUP(B88,'[1]Wages Sheet'!$B$8:$Z$192,25,FALSE) -> 20000 | Q88: =VLOOKUP(B88,'[1]Wages Sheet'!$B$8:$AD$192,28,FALSE) -> 40000 | R88: =VLOOKUP(B88,'[1]Wages Sheet'!$B$8:$AD$192,29,FALSE) -> 40000 | S88: =VLOOKUP(B88,'[1]Wages Sheet'!$B$8:$AF$192,31,FALSE) -> 0
A89: Apr 2026 | B89: Pintu Napit | C89: New | D89: H | E89: lal | F89: 30 | G89: 28 | H89: 2 | I89: =VLOOKUP(B89,'[1]Wages Sheet'!$B$8:$J$192,9,FALSE) -> 6 | J89: =SUM(VLOOKUP(B89,'[1]Wages Sheet'!$B$8:$K$192,10,FALSE)+(VLOOKUP(B89,'[1]Wages Sheet'!$B$8:$L$192,11,FALSE))) -> 4 | K89: =VLOOKUP(B89,'[1]Wages Sheet'!$B$8:$O$192,14,FALSE) -> 0 | L89: =VLOOKUP(B89,'[1]Wages Sheet'!$B$8:$Q$192,16,FALSE) -> 8 | M89: =VLOOKUP(B89,'[1]Wages Sheet'!$B$8:$T$193,19,FALSE) -> 9500 | N89: =VLOOKUP(B89,'[1]Wages Sheet'!$B$8:$U$192,20,FALSE) -> 9500 | O89: =VLOOKUP(B89,'[1]Wages Sheet'!$B$8:$W$192,22,FALSE) -> 0 | P89: =VLOOKUP(B89,'[1]Wages Sheet'!$B$8:$Z$192,25,FALSE) -> 9490.8602 | Q89: =VLOOKUP(B89,'[1]Wages Sheet'!$B$8:$AD$192,28,FALSE) -> 18990.86 | R89: =VLOOKUP(B89,'[1]Wages Sheet'!$B$8:$AD$192,29,FALSE) -> 18991 | S89: =VLOOKUP(B89,'[1]Wages Sheet'!$B$8:$AF$192,31,FALSE) -> -0.13978495
A90: Apr 2026 | B90: Piyush Digar | C90: New | D90: D.H | E90: Karo | F90: 30 | G90: 25 | H90: 5 | I90: =VLOOKUP(B90,'[1]Wages Sheet'!$B$8:$J$192,9,FALSE) -> -3 | J90: =SUM(VLOOKUP(B90,'[1]Wages Sheet'!$B$8:$K$192,10,FALSE)+(VLOOKUP(B90,'[1]Wages Sheet'!$B$8:$L$192,11,FALSE))) -> 4 | K90: =VLOOKUP(B90,'[1]Wages Sheet'!$B$8:$O$192,14,FALSE) -> 4 | L90: =VLOOKUP(B90,'[1]Wages Sheet'!$B$8:$Q$192,16,FALSE) -> 0 | M90: =VLOOKUP(B90,'[1]Wages Sheet'!$B$8:$T$193,19,FALSE) -> 9500 | N90: =VLOOKUP(B90,'[1]Wages Sheet'!$B$8:$U$192,20,FALSE) -> 9183.3333 | O90: =VLOOKUP(B90,'[1]Wages Sheet'!$B$8:$W$192,22,FALSE) -> 0 | P90: =VLOOKUP(B90,'[1]Wages Sheet'!$B$8:$Z$192,25,FALSE) -> 8581.9616 | Q90: =VLOOKUP(B90,'[1]Wages Sheet'!$B$8:$AD$192,28,FALSE) -> 17765.295 | R90: =VLOOKUP(B90,'[1]Wages Sheet'!$B$8:$AD$192,29,FALSE) -> 17766 | S90: =VLOOKUP(B90,'[1]Wages Sheet'!$B$8:$AF$192,31,FALSE) -> -0.70506912
A91: Apr 2026 | B91: Prakash Choudhri | C91: New | D91: T/D | F91: 30 | G91: 0 | H91: 30 | I91: =VLOOKUP(B91,'[1]Wages Sheet'!$B$8:$J$192,9,FALSE) -> 0 | J91: =SUM(VLOOKUP(B91,'[1]Wages Sheet'!$B$8:$K$192,10,FALSE)+(VLOOKUP(B91,'[1]Wages Sheet'!$B$8:$L$192,11,FALSE))) -> 0 | K91: =VLOOKUP(B91,'[1]Wages Sheet'!$B$8:$O$192,14,FALSE) -> 0 | L91: =VLOOKUP(B91,'[1]Wages Sheet'!$B$8:$Q$192,16,FALSE) -> 0 | M91: =VLOOKUP(B91,'[1]Wages Sheet'!$B$8:$T$193,19,FALSE) -> 16000 | N91: =VLOOKUP(B91,'[1]Wages Sheet'!$B$8:$U$192,20,FALSE) -> 0 | O91: =VLOOKUP(B91,'[1]Wages Sheet'!$B$8:$W$192,22,FALSE) -> 0 | P91: =VLOOKUP(B91,'[1]Wages Sheet'!$B$8:$Z$192,25,FALSE) -> 8419.129 | Q91: =VLOOKUP(B91,'[1]Wages Sheet'!$B$8:$AD$192,28,FALSE) -> 8419.129 | R91: =VLOOKUP(B91,'[1]Wages Sheet'!$B$8:$AD$192,29,FALSE) -> 0 | S91: =VLOOKUP(B91,'[1]Wages Sheet'!$B$8:$AF$192,31,FALSE) -> 8419.129
A92: Apr 2026 | B92: Prakash Kr. Mahto | C92: New | D92: CAMPER D. | E92: Karo | F92: 30 | G92: 10 | H92: 20 | I92: =VLOOKUP(B92,'[1]Wages Sheet'!$B$8:$J$192,9,FALSE) -> 0.5 | J92: =SUM(VLOOKUP(B92,'[1]Wages Sheet'!$B$8:$K$192,10,FALSE)+(VLOOKUP(B92,'[1]Wages Sheet'!$B$8:$L$192,11,FALSE))) -> 1.5 | K92: =VLOOKUP(B92,'[1]Wages Sheet'!$B$8:$O$192,14,FALSE) -> 2 | L92: =VLOOKUP(B92,'[1]Wages Sheet'!$B$8:$Q$192,16,FALSE) -> 0 | M92: =VLOOKUP(B92,'[1]Wages Sheet'!$B$8:$T$193,19,FALSE) -> 10000 | N92: =VLOOKUP(B92,'[1]Wages Sheet'!$B$8:$U$192,20,FALSE) -> 4000 | O92: =VLOOKUP(B92,'[1]Wages Sheet'!$B$8:$W$192,22,FALSE) -> 0 | P92: =VLOOKUP(B92,'[1]Wages Sheet'!$B$8:$Z$192,25,FALSE) -> 9997.679 | Q92: =VLOOKUP(B92,'[1]Wages Sheet'!$B$8:$AD$192,28,FALSE) -> 13997.679 | R92: =VLOOKUP(B92,'[1]Wages Sheet'!$B$8:$AD$192,29,FALSE) -> 14000 | S92: =VLOOKUP(B92,'[1]Wages Sheet'!$B$8:$AF$192,31,FALSE) -> -2.3209677
A93: Apr 2026 | B93: Prakash Mahto | C93: New | D93: T/D | F93: 30 | G93: 0 | H93: 30 | I93: =VLOOKUP(B93,'[1]Wages Sheet'!$B$8:$J$192,9,FALSE) -> 0 | J93: =SUM(VLOOKUP(B93,'[1]Wages Sheet'!$B$8:$K$192,10,FALSE)+(VLOOKUP(B93,'[1]Wages Sheet'!$B$8:$L$192,11,FALSE))) -> 0 | K93: =VLOOKUP(B93,'[1]Wages Sheet'!$B$8:$O$192,14,FALSE) -> 0 | L93: =VLOOKUP(B93,'[1]Wages Sheet'!$B$8:$Q$192,16,FALSE) -> 0 | M93: =VLOOKUP(B93,'[1]Wages Sheet'!$B$8:$T$193,19,FALSE) -> 16000 | N93: =VLOOKUP(B93,'[1]Wages Sheet'!$B$8:$U$192,20,FALSE) -> 0 | O93: =VLOOKUP(B93,'[1]Wages Sheet'!$B$8:$W$192,22,FALSE) -> 0 | P93: =VLOOKUP(B93,'[1]Wages Sheet'!$B$8:$Z$192,25,FALSE) -> 0 | Q93: =VLOOKUP(B93,'[1]Wages Sheet'!$B$8:$AD$192,28,FALSE) -> 0 | R93: =VLOOKUP(B93,'[1]Wages Sheet'!$B$8:$AD$192,29,FALSE) -> 0 | S93: =VLOOKUP(B93,'[1]Wages Sheet'!$B$8:$AF$192,31,FALSE) -> 0
A94: Apr 2026 | B94: Prakash Rajak | C94: New | D94: N/G | F94: 30 | G94: 0 | H94: 30 | I94: =VLOOKUP(B94,'[1]Wages Sheet'!$B$8:$J$192,9,FALSE) -> 0 | J94: =SUM(VLOOKUP(B94,'[1]Wages Sheet'!$B$8:$K$192,10,FALSE)+(VLOOKUP(B94,'[1]Wages Sheet'!$B$8:$L$192,11,FALSE))) -> 0 | K94: =VLOOKUP(B94,'[1]Wages Sheet'!$B$8:$O$192,14,FALSE) -> 0 | L94: =VLOOKUP(B94,'[1]Wages Sheet'!$B$8:$Q$192,16,FALSE) -> 0 | M94: =VLOOKUP(B94,'[1]Wages Sheet'!$B$8:$T$193,19,FALSE) -> 9000 | N94: =VLOOKUP(B94,'[1]Wages Sheet'!$B$8:$U$192,20,FALSE) -> 0 | O94: =VLOOKUP(B94,'[1]Wages Sheet'!$B$8:$W$192,22,FALSE) -> 0 | P94: =VLOOKUP(B94,'[1]Wages Sheet'!$B$8:$Z$192,25,FALSE) -> 0 | Q94: =VLOOKUP(B94,'[1]Wages Sheet'!$B$8:$AD$192,28,FALSE) -> 0 | R94: =VLOOKUP(B94,'[1]Wages Sheet'!$B$8:$AD$192,29,FALSE) -> 0 | S94: =VLOOKUP(B94,'[1]Wages Sheet'!$B$8:$AF$192,31,FALSE) -> 0
A95: Apr 2026 | B95: Prakash Tudu | C95: New | D95: T/H | F95: 30 | G95: 0 | H95: 30 | I95: =VLOOKUP(B95,'[1]Wages Sheet'!$B$8:$J$192,9,FALSE) -> 0 | J95: =SUM(VLOOKUP(B95,'[1]Wages Sheet'!$B$8:$K$192,10,FALSE)+(VLOOKUP(B95,'[1]Wages Sheet'!$B$8:$L$192,11,FALSE))) -> 0 | K95: =VLOOKUP(B95,'[1]Wages Sheet'!$B$8:$O$192,14,FALSE) -> 0 | L95: =VLOOKUP(B95,'[1]Wages Sheet'!$B$8:$Q$192,16,FALSE) -> 0 | M95: =VLOOKUP(B95,'[1]Wages Sheet'!$B$8:$T$193,19,FALSE) -> 9000 | N95: =VLOOKUP(B95,'[1]Wages Sheet'!$B$8:$U$192,20,FALSE) -> 0 | O95: =VLOOKUP(B95,'[1]Wages Sheet'!$B$8:$W$192,22,FALSE) -> 0 | P95: =VLOOKUP(B95,'[1]Wages Sheet'!$B$8:$Z$192,25,FALSE) -> 0 | Q95: =VLOOKUP(B95,'[1]Wages Sheet'!$B$8:$AD$192,28,FALSE) -> 0 | R95: =VLOOKUP(B95,'[1]Wages Sheet'!$B$8:$AD$192,29,FALSE) -> 0 | S95: =VLOOKUP(B95,'[1]Wages Sheet'!$B$8:$AF$192,31,FALSE) -> 0
A96: Apr 2026 | B96: Pramill Marandi | C96: New | D96: F.H | E96: Karo | F96: 30 | G96: 26 | H96: 4 | I96: =VLOOKUP(B96,'[1]Wages Sheet'!$B$8:$J$192,9,FALSE) -> 0 | J96: =SUM(VLOOKUP(B96,'[1]Wages Sheet'!$B$8:$K$192,10,FALSE)+(VLOOKUP(B96,'[1]Wages Sheet'!$B$8:$L$192,11,FALSE))) -> 4 | K96: =VLOOKUP(B96,'[1]Wages Sheet'!$B$8:$O$192,14,FALSE) -> 4 | L96: =VLOOKUP(B96,'[1]Wages Sheet'!$B$8:$Q$192,16,FALSE) -> 0 | M96: =VLOOKUP(B96,'[1]Wages Sheet'!$B$8:$T$193,19,FALSE) -> 10500 | N96: =VLOOKUP(B96,'[1]Wages Sheet'!$B$8:$U$192,20,FALSE) -> 10500 | O96: =VLOOKUP(B96,'[1]Wages Sheet'!$B$8:$W$192,22,FALSE) -> 0 | P96: =VLOOKUP(B96,'[1]Wages Sheet'!$B$8:$Z$192,25,FALSE) -> 10499.957 | Q96: =VLOOKUP(B96,'[1]Wages Sheet'!$B$8:$AD$192,28,FALSE) -> 20999.957 | R96: =VLOOKUP(B96,'[1]Wages Sheet'!$B$8:$AD$192,29,FALSE) -> 21000 | S96: =VLOOKUP(B96,'[1]Wages Sheet'!$B$8:$AF$192,31,FALSE) -> -0.043010753
A97: Apr 2026 | B97: Rahul Kr. Murmu | C97: New | D97: H | F97: 30 | G97: 0 | H97: 30 | I97: =VLOOKUP(B97,'[1]Wages Sheet'!$B$8:$J$192,9,FALSE) -> 0 | J97: =SUM(VLOOKUP(B97,'[1]Wages Sheet'!$B$8:$K$192,10,FALSE)+(VLOOKUP(B97,'[1]Wages Sheet'!$B$8:$L$192,11,FALSE))) -> 0 | K97: =VLOOKUP(B97,'[1]Wages Sheet'!$B$8:$O$192,14,FALSE) -> 0 | L97: =VLOOKUP(B97,'[1]Wages Sheet'!$B$8:$Q$192,16,FALSE) -> 0 | M97: =VLOOKUP(B97,'[1]Wages Sheet'!$B$8:$T$193,19,FALSE) -> 9500 | N97: =VLOOKUP(B97,'[1]Wages Sheet'!$B$8:$U$192,20,FALSE) -> 0 | O97: =VLOOKUP(B97,'[1]Wages Sheet'!$B$8:$W$192,22,FALSE) -> 0 | P97: =VLOOKUP(B97,'[1]Wages Sheet'!$B$8:$Z$192,25,FALSE) -> 917 | Q97: =VLOOKUP(B97,'[1]Wages Sheet'!$B$8:$AD$192,28,FALSE) -> 917 | R97: =VLOOKUP(B97,'[1]Wages Sheet'!$B$8:$AD$192,29,FALSE) -> 0 | S97: =VLOOKUP(B97,'[1]Wages Sheet'!$B$8:$AF$192,31,FALSE) -> 917
A98: Apr 2026 | B98: Rajan Digar | C98: New | D98: N/G | E98: Karo | F98: 30 | G98: 27 | H98: 3 | I98: =VLOOKUP(B98,'[1]Wages Sheet'!$B$8:$J$192,9,FALSE) -> 0 | J98: =SUM(VLOOKUP(B98,'[1]Wages Sheet'!$B$8:$K$192,10,FALSE)+(VLOOKUP(B98,'[1]Wages Sheet'!$B$8:$L$192,11,FALSE))) -> 0 | K98: =VLOOKUP(B98,'[1]Wages Sheet'!$B$8:$O$192,14,FALSE) -> 0 | L98: =VLOOKUP(B98,'[1]Wages Sheet'!$B$8:$Q$192,16,FALSE) -> 0 | M98: =VLOOKUP(B98,'[1]Wages Sheet'!$B$8:$T$193,19,FALSE) -> 9000 | N98: =VLOOKUP(B98,'[1]Wages Sheet'!$B$8:$U$192,20,FALSE) -> 8100 | O98: =VLOOKUP(B98,'[1]Wages Sheet'!$B$8:$W$192,22,FALSE) -> 0 | P98: =VLOOKUP(B98,'[1]Wages Sheet'!$B$8:$Z$192,25,FALSE) -> 7836.9482 | Q98: =VLOOKUP(B98,'[1]Wages Sheet'!$B$8:$AD$192,28,FALSE) -> 15936.948 | R98: =VLOOKUP(B98,'[1]Wages Sheet'!$B$8:$AD$192,29,FALSE) -> 15940 | S98: =VLOOKUP(B98,'[1]Wages Sheet'!$B$8:$AF$192,31,FALSE) -> -3.051828
A99: Apr 2026 | B99: Rajesh Kr. Hari | C99: New | D99: D/OP/H | E99: Karo | F99: 30 | G99: 27 | H99: 3 | I99: =VLOOKUP(B99,'[1]Wages Sheet'!$B$8:$J$192,9,FALSE) -> 0 | J99: =SUM(VLOOKUP(B99,'[1]Wages Sheet'!$B$8:$K$192,10,FALSE)+(VLOOKUP(B99,'[1]Wages Sheet'!$B$8:$L$192,11,FALSE))) -> 4 | K99: =VLOOKUP(B99,'[1]Wages Sheet'!$B$8:$O$192,14,FALSE) -> 3 | L99: =VLOOKUP(B99,'[1]Wages Sheet'!$B$8:$Q$192,16,FALSE) -> 1 | M99: =VLOOKUP(B99,'[1]Wages Sheet'!$B$8:$T$193,19,FALSE) -> 11000 | N99: =VLOOKUP(B99,'[1]Wages Sheet'!$B$8:$U$192,20,FALSE) -> 11000 | O99: =VLOOKUP(B99,'[1]Wages Sheet'!$B$8:$W$192,22,FALSE) -> 0 | P99: =VLOOKUP(B99,'[1]Wages Sheet'!$B$8:$Z$192,25,FALSE) -> 10998.999 | Q99: =VLOOKUP(B99,'[1]Wages Sheet'!$B$8:$AD$192,28,FALSE) -> 21998.999 | R99: =VLOOKUP(B99,'[1]Wages Sheet'!$B$8:$AD$192,29,FALSE) -> 22000 | S99: =VLOOKUP(B99,'[1]Wages Sheet'!$B$8:$AF$192,31,FALSE) -> -1.0012903
A100: Apr 2026 | B100: Rajesh Mahto | C100: New | D100: supervisor | F100: 30 | G100: 0 | H100: 30 | I100: =VLOOKUP(B100,'[1]Wages Sheet'!$B$8:$J$192,9,FALSE) -> 0 | J100: =SUM(VLOOKUP(B100,'[1]Wages Sheet'!$B$8:$K$192,10,FALSE)+(VLOOKUP(B100,'[1]Wages Sheet'!$B$8:$L$192,11,FALSE))) -> 0 | K100: =VLOOKUP(B100,'[1]Wages Sheet'!$B$8:$O$192,14,FALSE) -> 0 | L100: =VLOOKUP(B100,'[1]Wages Sheet'!$B$8:$Q$192,16,FALSE) -> 0 | M100: =VLOOKUP(B100,'[1]Wages Sheet'!$B$8:$T$193,19,FALSE) -> 12000 | N100: =VLOOKUP(B100,'[1]Wages Sheet'!$B$8:$U$192,20,FALSE) -> 0 | O100: =VLOOKUP(B100,'[1]Wages Sheet'!$B$8:$W$192,22,FALSE) -> 0 | P100: =VLOOKUP(B100,'[1]Wages Sheet'!$B$8:$Z$192,25,FALSE) -> 0 | Q100: =VLOOKUP(B100,'[1]Wages Sheet'!$B$8:$AD$192,28,FALSE) -> 0 | R100: =VLOOKUP(B100,'[1]Wages Sheet'!$B$8:$AD$192,29,FALSE) -> 0 | S100: =VLOOKUP(B100,'[1]Wages Sheet'!$B$8:$AF$192,31,FALSE) -> 0
...

Sheet Lists
A1: Employee | B1: Type | C1: Designation | D1: Site | F1: Months
A2: Ajit Singh | B2: New | C2: Supervisor | D2: Karo | F2: Apr 2026
A3: Ajit Yadav (Lalmani Yadav) | B3: New | C3: Helper | D3: Tori | F3: May 2026
A4: Akash Kumar Turi | B4: New | C4: Helper | F4: Jun 2026
A5: Aman Karmali | B5: New | C5: Helper | D5: lal | F5: Jul 2026
A6: Amar Lal Mahto | B6: New | C6: Truck Driver | F6: Aug 2026
A7: Anil Hansda | B7: Old | C7: Truck Driver | D7: Karo/Lalpania | F7: Sep 2026
A8: Aniruddha Paul | B8: New | C8: Engineer | D8: Karo | F8: Oct 2026
A9: Anshu Karmali | B9: New | C9: Polc. Helper | D9: Karo/ Tori | F9: Nov 2026
A10: Anup Vishwakarma | B10: New | C10: Night Guard | D10: Karo | F10: Dec 2026
A11: Arijit Kundu | B11: New | C11: Engineer | D11: Karo | F11: Jan 2027
A12: Arpan Lakra | B12: New | C12: Helper | F12: Feb 2027
A13: Arun Kumar | B13: New | C13: Helper | F13: Mar 2027
A14: Arun Soren | B14: New | C14: Helper
A15: Aryan Kumar | B15: New | C15: Supervisor
A16: Ashish Kr. Mahto | B16: New | C16: Helper
A17: Bablu Hembrom | B17: New | C17: Truck Driver | D17: Karo/lalpania
A18: Babu Murmu | B18: Old | C18: Mechanic | D18: Karo/Tori/Lal
A19: Babu Rajwar | B19: Old | C19: P.Foreman | D19: Karo
A20: Baldeo Rajak | B20: Old | C20: Truck Driver | D20: Karo/tori
A21: Baldeo Yadav | B21: New | C21: Supervisor
A22: Banty Thakur | B22: New | C22: Helper
A23: Basu Sawarnkar | B23: New | C23: Cook | D23: konar
A24: Basudev Yadav | B24: New | C24: Polc.Operator | D24: Karo/Lal/Konar
A25: Bhagirath Mahto | B25: New | C25: Truck Driver
A26: Bhavishay Tiwari | B26: New | C26: Truck Driver
A27: Bhola Mahto (Polc.H) | B27: New | C27: Polc. Helper | D27: Karo
A28: Bhola Mahto (Td) | B28: Old | C28: Truck Driver | D28: lal
A29: Bholenath Murmu | B29: New
A30: Bijay Soren | B30: New | C30: T.Helper
A31: Binod Mahto | B31: New | C31: Truck Driver | D31: Karo/Tori
A32: Bipin Kumar (Rajak) | B32: Local | C32: Truck Driver
A33: Birendra Kr. Prasad | B33: New | C33: Supervisor | D33: Lal
A34: Birendra Kumar | B34: New | C34: Supervisor
A35: Bishnu Kr. Singh | B35: New | C35: Night Guard | D35: Karo
A36: Budhan Singh | B36: New | C36: Night Guard | D36: Karo
A37: Chandan Kr Mahto | B37: New | C37: JCB.Helper
A38: Choudhary Charan Mahto | B38: New | C38: Truck Driver
A39: Das Nag | B39: New | C39: Helper
A40: Dharmendra Karmali | B40: Old | C40: Helper | D40: lal
A41: Dharmendra Kr. Tiwari | B41: New | C41: Supervisor | D41: Karo
A42: Dharmveer Kr. | B42: New | C42: Driver/ Helper
A43: Dilip Yadav | B43: New | C43: Polc.Operator | D43: Tori
A44: Dinesh Kr. Munda | B44: New | C44: JCB Help
A45: Dwaraka Mahto | B45: New | C45: Truck Driver
A46: Ganesh Singh | B46: New | C46: Night Guard | D46: Karo
A47: Ghanshyam Ganjhu | B47: New | C47: T/Helper
A48: Ghanshyam Mahto | B48: New | C48: Night Guard | D48: Karo
A49: Ghanshyam Singh | B49: New | C49: Dozzer Operator | D49: Karo
A50: Gopal Mahto | B50: Old | C50: Welder | D50: Karo/Tori
A51: Gopesh Kumar | B51: New | C51: Engineer
A52: Govind Pandit | B52: Old | C52: T. Foreman | D52: Karo
A53: Haraklal Mahto | B53: New | C53: Night Guard
A54: Hari Charan Mahto | B54: Old | C54: Supervisor | D54: Tori
A55: Herman Ekka | B55: New | C55: Cook
A56: Himanshu Kumar | B56: New | C56: Engineer
A57: Inderdeo Yadav | B57: Old | C57: Polc.Operator | D57: Karo/ tori
A58: Irshad Ali | B58: New | C58: Store Incharge
A59: Jagdish Mandal | B59: New | C59: Bolero Driver
A60: Jageshwar Yadav (Jago) | B60: Old | C60: Polc.Operator | D60: Karo/lal
A61: Janardhan Mahto | B61: New | C61: Supervisor
A62: Japit Ganjhu | B62: New | C62: Helper
A63: Jitendra Karmali (Jeetu) | B63: Old | C63: Supervisor | D63: Lal
A64: Jitendra Mahto | B64: New | C64: Night Guard | D64: Karo
A65: Jitendra Singh | B65: New | C65: Truck Driver
A66: Kailash Karmali (Mamta Devi) | B66: Old | C66: Operator | D66: Karo/tori
A67: Kamlesh Kumar | B67: Old | C67: Truck Driver | D67: Lal
A68: Karan Karmali | B68: New | C68: Polc. Helper | D68: Karo
A69: Karan Kumar Ganjhu | B69: New | C69: Helper | D69: Karo
A70: Kartik Mahto (Loha Singh) | B70: New | C70: Truck Driver | D70: Karo/tori/lal
A71: Kartik Majee | B71: New | C71: Surveyor
A72: Kartik Soren | B72: New | C72: Truck Driver | D72: Tori
A73: Kaushlendra Kr. Pathak (Bablu Pathak) | B73: Old | C73: Supervisor | D73: Lal
A74: Kesho Mahto | B74: New | C74: Polc.Operator | D74: Karo
A75: Khudi Ram | B75: Old | C75: Cook | D75: Lal
A76: Kishore Mahto | B76: Old | C76: Truck Driver | D76: Karo/Tori
A77: Krishna Munda | B77: New | C77: Cook
A78: Kuldeep Kr. Ray | B78: New | C78: Scorpio Driver | D78: Karo
A79: Lalchand Rajak | B79: New | C79: Truck Driver | D79: Karo/Lal
A80: Laldhari Mahto | B80: New | C80: Polc.Operator | D80: Lal/Tori
A81: Lalji Thakur | B81: New | C81: Truck Driver | D81: Karo/Tori
A82: Lalmani Yadav (Ajit Yadav) | B82: Old | C82: Operator | D82: Lal
A83: Lalu Yadav | B83: Old | C83: Polc.Operator | D83: Karo/tori
A84: Late Surendra Singh | B84: New | C84: Truck Driver | D84: lal
A85: Mahadev Prajapati | B85: New | C85: Cook | D85: Karo
A86: Mahesh Giri | B86: New | C86: Night Guard | D86: Karo
A87: Mahesh Yadav | B87: New | C87: Supervisor
A88: Manju Devi | B88: New | C88: Cook | D88: Karo
A89: Mantu Ganjhu | B89: New | C89: Polc.JCB Operator | D89: Karo
A90: Md Samiruddin Ansari | B90: New | C90: Supervisor | D90: konar/LAL/Tori
A91: Md. Tohid Ansari | B91: New | C91: Poclain Mechanic | D91: Karo
A92: Mohan Kr. Mahto | B92: New | C92: Polc. Helper
A93: Mritunjay Dey | B93: New | C93: Bolero Driver | D93: Karo
A94: Mukesh Kerketta | B94: Old | C94: Truck Driver
A95: Mukesh Verma | B95: Old | C95: Supervisor
A96: Mukund Mahto | B96: New | C96: Truck Driver | D96: Karo
A97: Nand Kishor Singh | B97: New | C97: Truck Driver | D97: Karo
A98: Nandan Ganjhu | B98: New | C98: JCB Helper | D98: Karo
A99: Nandlal Boxi | B99: New | C99: Mess Incharge | D99: Karo
A100: Narayan Mahto (Ng) | B100: New | C100: Night Guard | D100: Karo
...
